std_smiles;p_np
Cc1onc(-c2ccccc2Cl)c1C(=O)NC1C(=O)N2C1SC(C)(C)C2C(=O)O;1
CCN1CCN(C(=O)NC(C(=O)NC2C(=O)N3C(C(=O)O)=C(CSc4nnnn4C)CSC23)c2ccc(O)cc2)C(=O)C1=O;1
CN(C)C1C(=O)C(C(=O)NCN2CCCC2)C(=O)[C@@]2(O)C(=O)C3C(=O)c4c(O)cccc4[C@@](C)(O)[C@H]3C[C@@H]12;1
Cc1nccn1CC1CCc2c(C1=O)c1ccccc1n2C;1
COc1ccc([C@@H]2Sc3ccccc3N(CCN(C)C)C(=O)C2OC(C)=O)cc1;1
N=C(N)NC(=O)c1nc(Cl)c(N)nc1N;1
CN1Cc2c(-c3noc(C(C)(O)CO)n3)ncn2-c2c(C1=O)c(Cl)ccc2;0
Cc1cn([C@H]2C[C@H](F)[C@@H](CO)O2)c(=O)[nH]c1=O;1
CC(C)(C)NC(=O)C1CC2CCCCC2CN1CC(O)C(Cc1ccccc1)NC(=O)C(CC(N)=O)NC(=O)c1ccc2ccccc2n1;1
CCC(=O)N(c1ccccc1)C1(COC)CCN(CCn2nnn(CC)c2=O)CC1;1
COc1ccc(Cl)cc1C(=O)NCCc1ccc(S(=O)(=O)NC(=O)NC2CCCCC2)cc1;1
Nc1nnc(-c2cccc(Cl)c2Cl)c(N)n1;1
CCCC(C)C;1
C[C@H](N)Cc1ccccc1;1
CC(C)(C)NCC(O)COc1cccc2c1C[C@H](O)[C@H](O)C2;1
CCC(=O)N(c1ccccc1)C1(COC)CCN(CCc2cccs2)CC1;1
CCN=C(NC#N)NCCSCc1ncccc1Br;0
Cc1ccc(-c2c(CC(=O)N(C)C)n3cc(C)ccc3n2)cc1;1
CN1CCN(C2=Nc3cc(Cl)ccc3Nc3ccccc32)CC1;1
FC(F)(F)c1c(Cl)nc(N2CCNCC2)cc1;1
CCN1CCN(C(=O)NC(C(=O)NC2C(=O)N3C2SC(C)(C)C3C(=O)O)c2ccccc2)C(=O)C1=O;1
CCCC(C)C1(CC)C(=O)NC(=O)NC1=O;1
C[C@H]1COc2c(N3CCN(C)CC3)c(F)cc3c(=O)c(C(=O)O)cn1c23;1
CCC(=O)N(c1ccccc1)C1CCN(CCc2ccccc2)CC1;1
CCOC(=O)c1cncn1C(C)c1ccccc1;1
CN(C)c1cc(-c2nc(N)n[nH]2)ccn1;0
CN1CCN(CCCN2c3ccccc3Sc3ccc(Cl)cc32)CC1;1
Nc1c(I)cc(-c2nc3ccc(O)cc3s2)cc1;1
CC(=O)Nc1cc(-c2csc(N=C(N)N)n2)ccc1;0
CN1[C@H]2CCC[C@@H]1CC(NC(=O)c1nn(C)c3ccccc13)C2;1
CS(=O)(=O)c1ccc([C@@H](O)[C@@H](CO)NC(=O)C(Cl)Cl)cc1;1
N=C(N)N=c1[nH]c(-c2ccccc2)cs1;1
Cc1c(OCC(C)N)c(C)ccc1;1
CNCCCN1c2c(cccc2)Sc2ccc(Cl)cc21;1
CN(C)Cc1ccc(-c2cccc(NC3N=CC=C3[N+](=O)[O-])c2)o1;1
Cn1nnnc1SCC1=C(C(=O)O)N2C(=O)C(NC(=O)C(O)c3ccccc3)C2SC1;1
C=C[C@H]1CN2CC[C@H]1C[C@@H]2[C@@H](O)c1ccnc2ccc(OC)cc12;1
N=C(N)N=c1[nH]c(-c2cccc(N)c2)cs1;1
CC[C@]1(O)C[C@H]2CN(CCc3c([nH]c4ccccc34)[C@@](C(=O)OC)(c3cc4c(cc3OC)N(C)[C@H]3[C@@](O)(C(=O)OC)[C@H](OC(C)=O)[C@]5(CC)C=CCN6CC[C@]43[C@@H]65)C2)C1;1
CCCC(=O)Nc1cc(C(C)=O)c(OCC(O)CNC(C)C)cc1;1
NCCCN1c2ccccc2Sc2ccc(Cl)cc21;1
CN(C)Cc1ccc(CSCCNc2[nH]cc(Cc3ccccc3)c2[N+](=O)[O-])o1;1
CN=C(NC#N)Nc1cccc(-c2csc(=NC(=N)N)[nH]2)c1;0
CN[C@H]1CC[C@@H](c2ccc(Cl)c(Cl)c2)c2ccccc21;1
CC[C@]1(O)C[C@H]2CN(CCc3c([nH]c4ccccc34)[C@@](C(=O)OC)(c3cc4c(cc3OC)N(C=O)[C@H]3[C@@](O)(C(=O)OC)[C@H](OC(C)=O)[C@]5(CC)C=CCN6CC[C@]43[C@@H]65)C2)C1;1
CCC(NC(=O)c1c(C)c(-c2ccccc2)nc2c1cccc2)c1ccccc1;1
O=S(=O)(c1cc2c(cc[nH]2)cc1)N1CCCC1CCN1CCC(Oc2cc(Cl)ccc2)CC1;1
CN(C)Cc1ccnc(-c2cccc(NC3N=CC=C3[N+](=O)[O-])c2)c1;1
CNCCCC12CCC(c3ccccc31)c1ccccc12;1
CON=C(C(=O)NC1C(=O)N2C(C(=O)O)=C(COC(C)=O)CSC12)c1csc(N)n1;1
C1CCCCC1;1
Cc1csc(=NC(=N)N)[nH]1;1
CN1CC2c3ccccc3Oc3c(cc(Cl)cc3)C2C1;1
CN(C)Cc1ccc(CSCCNC2N=CC=C2[N+](=O)[O-])o1;0
CON=C(C(=O)NC1C(=O)N2C(C(=O)O)=C(COC(N)=O)CSC12)c1ccco1;1
c1cc(CN2CCCCC2)cc(OCCCN=c2[nH]c3ccccc3o2)c1;1
Cc1c2Oc3c(cccc3)C3(O)CCN(C)CC3c2ccc1;1
O=[N+]([O-])C1=CC=NC1NCCSCc1ccccn1;1
CCCSc1cc2c(cc1)[nH]c(NC(=O)OC)n2;1
Cc1ncc([N+](=O)[O-])n1CC(O)CCl;1
Clc1cc2c(cc1)Oc1ccccc1C1CNCC21;1
CON=C(C(=O)NC1C(=O)N2C(C(=O)O)=C(CSc3nc(=O)c(=O)[nH]n3C)CSC12)c1csc(N)n1;1
c1ccc(NCCCOc2cc(CN3CCCCC3)ccc2)nc1;1
Cc1c2Oc3c(cccc3)C3(O)CCNCC3c2ccc1;1
O=[N+]([O-])C1=CC=NC1NCCSCc1ncccc1Br;1
COc1c(OC)c(OC)c2c(c1)CCC(NC(C)=O)c1cc(=O)c(OC)ccc1-2;1
OCCCOc1cccc(CN2CCCCC2)c1;1
Cc1c(CCCl)scn1;1
CCN(CC)C(=O)Nc1ccc(OCC(O)CNC(C)(C)C)c(C(C)=O)c1;1
CO[C@@]1(NC(=O)Cc2cccs2)C(=O)N2C(C(=O)O)=C(COC(N)=O)CS[C@@H]21;1
C=CCC(N)c1ccccc1-c1noc2c1cccc2;1
Cc1c(CCN2CCC(c3noc4cc(F)ccc34)CC2)c(=O)n2CCCC(O)c2n1;1
CC(=O)Oc1ccccc1C(=O)O;0
O=c1[nH]cnc2[nH]ncc12;0
CCCCC[C@H](O)/C=C/[C@@H]1C(CCCCCCC(=O)O)C(=O)C[C@H]1O;0
CCCCc1c(C(=O)c2cc(I)c(OCCN(CC)CC)c(I)c2)c2ccccc2o1;0
CC1(C)SC2C(NC(=O)C(N)c3ccc(O)cc3)C(=O)N2C1C(=O)O;0
C[C@]1(O)CC[C@H]2[C@@H]3CC=C4CC(=O)CC[C@]4(C)[C@H]3CC[C@@]21C;0
FC(F)(F)c1ccc2Sc3ccccc3N(CCCN3CCN(CCC4OCCCO4)CC3)c2c1;1
O=C1N=C(c2ccccc2)c2cc(Cl)ccc2NC1O;1
O=c1[nH]c2ccccc2n1C1CCN(CCOc2ccccc2)CC1;1
COc1ccc2C[C@H]3N(C)CC[C@]45c2c1OC4C(=O)CC[C@@]35O;1
CN1CC[C@]23c4c5ccc(O)c4OC2C(=O)CC[C@@]3(O)[C@H]1C5;1
CN1CCCC(CN2c3ccccc3Sc3ccccc32)C1;1
Nc1nc(O)c(-c2ccccc2)o1;1
CC(C)=CCN1CC[C@@]2(C)c3cc(O)ccc3C[C@@H]1[C@H]2C;1
CCc1cc(C(N)=S)ccn1;1
COc1cc([C@@H]2c3cc4c(cc3[C@@H](O[C@@H]3O[C@@H]5CO[C@@H](C)O[C@H]5[C@H](O)[C@H]3O)C3COC(=O)C32)OCO4)cc(OC)c1O;0
N=C(CCSCc1csc(N=C(N)N)n1)NS(N)(=O)=O;1
OC(Cn1cncn1)(Cn1cncn1)c1ccc(F)cc1F;1
O=C(O)P(=O)(O)O;1
NCC1(CC(=O)O)CCCCC1;1
CCOc1ccc2ccccc2c1C(=O)NC1C(=O)N2C1SC(C)(C)C2C(=O)O;0
CCn1cc(C(=O)O)c(=O)c2ccc(C)nc21;0
Cc1c(O)cccc1C(=O)N[C@@H](CSc1ccccc1)[C@H](O)CN1C[C@H]2CCCC[C@H]2CC1C(=O)NC(C)(C)C;0
COc1ccc(CCN2CCC(Nc3nc4ccccc4n3Cc3ccc(F)cc3)CC2)cc1;0
C[C@H]1C[C@H]2[C@@H]3CC=C4CC(=O)C=C[C@]4(C)[C@@]3(F)[C@@H](O)C[C@]2(C)[C@@]1(O)C(=O)CO;0
CC1(C)SC2C(NC(=O)C(C(=O)O)c3ccccc3)C(=O)N2C1C(=O)O;0
C[C@@](Cc1ccc(O)c(O)c1)(NN)C(=O)O;0
CC(C)(C)NCC(O)COc1cccc2c1CCC(=O)N2;0
Cc1nnc(SCC2=C(C(=O)O)N3C(=O)C(NC(=O)Cn4cnnn4)C3SC2)s1;0
CC(=O)OCC1=C(C(=O)O)N2C(=O)C(NC(=O)CSc3ccncc3)C2SC1;0
O=C(O)CCCc1ccc(N(CCCl)CCCl)cc1;0
CCCN1C[C@H](CSC)C[C@@H]2c3c4c(c[nH]c4ccc3)C[C@H]21;1
CN1CCN(C2=Nc3ccccc3Cc3ccccc23)CC1;1
OCCN1CCN(CCCN2c3ccccc3Sc3ccc(Cl)cc32)CC1;1
c1ccc(C2(N3CCCCC3)CCCCC2)cc1;1
CCC1(c2ccccc2)C(=O)NC(=O)NC1=O;1
NC(=O)OCCCc1ccccc1;1
CNC(=O)Oc1ccc2c(c1)[C@]1(C)CCN(C)[C@@H]1N2C;1
NCC(O)c1ccc(O)c(O)c1;0
COc1ccc2[nH]c([S+]([O-])Cc3ncc(C)c(OC)c3C)nc2c1;0
Cc1onc(-c2ccccc2)c1C(=O)NC1C(=O)N2C1SC(C)(C)C2C(=O)O;0
OC[C@H]1O[C@@H](n2cnc3c2N=CNC[C@H]3O)C[C@@H]1O;1
CC1(C)SC2C(NC(=O)COc3ccccc3)C(=O)N2C1C(=O)O;0
O=C(NC(CO)C(O)c1ccc([N+](=O)[O-])cc1)C(Cl)Cl;0
NS(=O)(=O)c1cc2c(cc1Cl)N=CNS2(=O)=O;0
CCCNC(=O)NS(=O)(=O)c1ccc(Cl)cc1;0
NS(=O)(=O)c1cc(C2(O)NC(=O)c3ccccc32)ccc1Cl;0
CCOC(=O)C(C)(C)Oc1ccc(Cl)cc1;0
CC(C)(Oc1ccc(Cl)cc1)C(=O)O;0
Clc1ccccc1C(c1ccccc1)(c1ccccc1)n1ccnc1;0
C[C@]12C[C@H](O)[C@H]3[C@@H](CC=C4CC(=O)CC[C@@]43C)[C@@H]1CCC2C(=O)CO;0
C[C@]12CC(=O)C3[C@@H](CC=C4CC(=O)CC[C@@]43C)[C@@H]1CC[C@]2(O)C(=O)CO;0
OCCC1CCN(CC/C=C2\c3ccc(F)cc3Sc3ccc(C(F)(F)F)cc23)CC1;1
O=c1[nH]c2ccccc2n1C1CCN(CCCC(c2ccc(F)cc2)c2ccc(F)cc2)CC1;1
OCCN1CCN(CC/C=C2/c3ccccc3COc3ccc(Cl)cc23)CC1;1
NC(=O)C1(N2CCCCC2)CCN(CCCC(=O)c2ccc(F)cc2)CC1;1
O=C1CN=C(c2ccccc2)c2cc(Cl)ccc2N1CC1CC1;1
CC(=O)C1CC[C@H]2[C@@H]3CC[C@@H]4C[C@H](O)CC[C@]4(C)[C@H]3CC[C@]12C;1
CCC1(c2ccccc2)C(=O)NCNC1=O;1
CCN(CC)CCOC(=O)c1ccc(N)cc1;1
OC(CCN1CCCC1)(c1ccccc1)C1CCCCC1;1
CN(C)CCCN1c2ccccc2Sc2ccccc21;1
CC(C)NCC(O)COc1cccc2c1cc[nH]2;1
COC(C(=O)C(O)C(C)O)[C@@H]1Cc2cc3cc(O[C@H]4C[C@@H](O[C@H]5C[C@@H](O)[C@H](O)[C@@H](C)O5)[C@H](O)[C@@H](C)O4)c(C)c(O)c3c(O)c2C(=O)C1O[C@H]1C[C@@H](O[C@H]2C[C@@H](O[C@H]3C[C@](C)(O)[C@H](O)[C@@H](C)O3)[C@H](O)[C@@H](C)O2)[C@H](O)[C@@H](C)O1;1
CCC(C)C(=O)O[C@H]1C[C@H](O)C=C2C=C[C@H](C)[C@H](CC[C@@H](O)C[C@@H](O)CC(=O)O)[C@H]21;0
O=C(C1CCCCC1)N1CC(=O)N2CCc3ccccc3C2C1;1
COc1cc(Cc2cnc(N)nc2N)cc(OC)c1OC;1
NC(CO)(CO)CO;0
NC1[C@@H]2CN(c3nc4c(cc3F)c(=O)c(C(=O)O)cn4-c3ccc(F)cc3F)C[C@H]12;1
NC(N)=O;1
O=c1ccc2ccccc2o1;0
Nc1ccc(S(=O)(=O)c2ccc(N)cc2)cc1;0
C[C@H](CCC(=O)O)[C@H]1CC[C@H]2C3C(=O)C[C@@H]4CC(=O)CC[C@]4(C)[C@H]3CC(=O)[C@@]21C;0
O=c1oc2ccccc2c(O)c1Cc1c(O)c2ccccc2oc1=O;0
CCN(CC)CCOC(=O)C1(C2CCCCC2)CCCCC1;0
CC=C(c1ccc(O)cc1)C(CC)c1ccc(O)cc1;0
C[C@H]1O[C@@H](O[C@H]2[C@@H](O)C[C@H](O[C@H]3[C@@H](O)C[C@H](O[C@H]4CC[C@]5(C)[C@H]6CC[C@]7(C)[C@H](C8=CC(=O)OC8)CC[C@]7(O)[C@@H]6CC[C@@H]5C4)O[C@@H]3C)O[C@@H]2C)C[C@H](O)[C@@H]1O;0
C[C@H]1O[C@@H](O[C@H]2[C@@H](O)C[C@H](O[C@H]3[C@@H](O)C[C@H](O[C@H]4CC[C@]5(C)[C@H]6C[C@@H](O)[C@]7(C)[C@@H](C8=CC(=O)OC8)CC[C@]7(O)[C@@H]6CC[C@@H]5C4)O[C@@H]3C)O[C@@H]2C)C[C@H](O)[C@@H]1O;0
O=c1[nH]c2ccccc2n1CCCN1CCC(n2c(=O)[nH]c3cc(Cl)ccc32)CC1;0
CC(CN1c2ccccc2Sc2ccccc21)N(C)C;1
CCC(=O)c1ccc2Sc3ccccc3N(CC(C)N(C)C)c2c1;1
CC(C)c1cccc(C(C)C)c1O;1
CNCCCC1c2ccccc2C=Cc2ccccc21;1
O=c1cc[nH]nc1;1
Fc1ccccc1C1=NCC(=S)N(CC(F)(F)F)c2ccc(Cl)cc12;1
COC(=O)C1[C@H]2C[C@@H]3c4[nH]c5cc(OC)ccc5c4CCN3C[C@H]2C[C@@H](OC(=O)/C=C/c2cc(OC)c(OC)c(OC)c2)[C@@H]1OC;1
COC(=O)C1[C@H]2C[C@@H]3c4[nH]c5cc(OC)ccc5c4CCN3C[C@H]2C[C@@H](OC(=O)c2cc(OC)c(OC)c(OC)c2)[C@@H]1OC;1
C=CCC1(C(C)CCC)C(=O)NC(=O)NC1=O;1
O=C1CSC2(CCN(CCCN3c4ccccc4Sc4ccc(Cl)cc43)CC2)N1;1
Oc1c(C2=CCC(c3ccc(Cl)cc3)CC2)c(O)c2ccccc2c1O;0
O=C(O)CCCCCCCC(=O)O;0
CC[C@H]1OC(=O)C(C)[C@@H](O[C@H]2C[C@@](C)(OC)[C@@H](O)[C@H](C)O2)C(C)[C@@H](O[C@@H]2O[C@H](C)C[C@H](N(C)C)[C@H]2O)[C@](C)(O)C[C@@H](C)CN(C)[C@H](C)[C@@H](O)[C@]1(C)O;0
CCC(C)C(N)C1=NC(C(=O)NC(CC(C)C)C(=O)NC(CCC(=O)O)C(=O)NC(C(=O)NCCCCC2NC(=O)C(CC(N)=O)NC(=O)C(CC(=O)O)NC(=O)C(Cc3c[nH]cn3)NC(=O)C(Cc3ccccc3)NC(=O)C(C(C)CC)NC(=O)C(CCCN)NC2=O)[C@@H](C)CC)CS1;0
CC(C[N+](C)(C)C)OC(N)=O;0
CC[N+](C)(C)Cc1ccccc1Br;0
CC(C)CC1C(=O)N2CCC[C@H]2[C@]2(O)O[C@](NC(=O)C3C=C4c5c6c(c(Br)[nH]c6ccc5)C[C@H]4N(C)C3)(C(C)C)C(=O)N12;0
CO[C@]12CC[C@@]3(C[C@@H]1[C@](C)(O)C(C)(C)C)[C@H]1Cc4c5c(c(O)cc4)O[C@@H]2[C@]53CCN1CC1CC1;1
NCCc1ccc(O)c(O)c1;0
COc1cccc2c(O)c3c(c(O)c12)C(=O)C1=C(C[C@@](O)(C(=O)CO)C[C@@H]1O[C@H]1C[C@H](N)[C@H](O)[C@H](C)O1)C3=O;0
CC1c2cccc(O)c2C(=O)C2C(=O)[C@]3(O)C(=O)C(C(N)=O)C(=O)C(N(C)C)[C@@H]3[C@@H](O)[C@@H]21;0
CCCCOc1ccc(C(=O)CCN2CCCCC2)cc1;0
Clc1ccc(COC(Cn2ccnc2)c2ccc(Cl)cc2Cl)cc1;0
CC(NC(=O)C(N)Cc1ccc(O)cc1)C(=O)NCC(=O)NC(Cc1ccccc1)C(=O)NC(C(N)=O)C(C)C;0
CN[C@@H](C)[C@H](O)c1ccccc1;0
CNC[C@H](O)c1ccc(O)c(O)c1;0
CC[C@H]1OC(=O)C(C)[C@@H](O[C@H]2C[C@@](C)(OC)[C@@H](O)[C@H](C)O2)[C@H](C)[C@@H](O[C@@H]2O[C@H](C)C[C@H](N(C)C)[C@H]2O)[C@](C)(O)CC(C)C(=O)C(C)[C@@H](O)[C@]1(C)O;0
C[C@]12CC[C@@H]3c4ccc(O)cc4CC[C@H]3[C@@H]1CC[C@@H]2O;0
Nc1c2CCCCc2nc2ccccc12;1
CN1C(=O)C(O)N=C(c2ccccc2)c2cc(Cl)ccc21;1
CCCCCc1cc(O)c2c(c1)OC(C)(C)[C@@H]1CCC(C)=C[C@@H]21;1
COC1=CC=C2[C@H]3Cc4ccc(OC)c5c4[C@@]2(CCN3C)[C@H]1O5;1
CCSc1ccc2Sc3ccccc3N(CCCN3CCN(C)CC3)c2c1;1
CSc1ccc2Sc3ccccc3N(CCC3CCCCN3C)c2c1;1
CN1CCN(CC/C=C2\c3ccccc3Sc3ccc(S(=O)(=O)N(C)C)cc23)CC1;1
N[C@@H]1C[C@H]1c1ccccc1;1
O=c1n(CCCN2CCN(c3cc(Cl)ccc3)CC2)nc2ccccn12;1
CS(=O)(=O)OCCCCOS(C)(=O)=O;1
CC1=C(C(=O)O)N2C(=O)C(NC(=O)C(N)C3=CCC=CC3)C2SC1;0
CCN(CC)CCCC(C)Nc1ccnc2cc(Cl)ccc12;1
COc1cc(N)c(Cl)cc1C(=O)NC1CCN(CCCOc2ccc(F)cc2)CC1OC;1
Nc1nc(Cl)nc2c1ncn2[C@H]1C[C@H](O)[C@@H](CO)O1;1
C[N+]12CCC(CC1)C(OC(=O)C(O)(c1ccccc1)c1ccccc1)C2;0
C[C@]12CC[C@@H]3c4ccc(O)cc4CC[C@H]3[C@@H]1CCC2=O;0
C=C(CC)C(=O)c1ccc(OCC(=O)O)c(Cl)c1Cl;0
C#C[C@]1(O)CC[C@H]2[C@@H]3CCc4cc(O)ccc4[C@H]3CC[C@@]21C;0
CC(Cc1ccc(O)cc1)NCC(O)c1cc(O)cc(O)c1;0
O=c1[nH]c(=O)n([C@H]2C[C@H](O)[C@@H](CO)O2)cc1F;0
Cc1onc(-c2c(F)cccc2Cl)c1C(=O)NC1C(=O)N2C1SC(C)(C)C2C(=O)O;0
O=c1[nH]cc(F)c(=O)[nH]1;0
NS(=O)(=O)c1cc(C(=O)O)c(NCc2ccco2)cc1Cl;0
Nc1nc(=O)c2c([nH]1)n(COC(CO)CO)cn2;0
C[N+]1(C)CCC(OC(=O)C(O)(c2ccccc2)C2CCCC2)C1;0
O=C(CCCN1CCC(O)(c2cccc(C(F)(F)F)c2)CC1)c1ccc(F)cc1;1
CN(C)CCCN1c2ccccc2Sc2ccc(C(F)(F)F)cc21;1
CN1CCN(CCCN2c3ccccc3Sc3ccc(C(F)(F)F)cc32)CC1;1
OC(CCN1CCCCC1)(c1ccccc1)C1CCCCC1;1
COc1cc(C(=O)N2CCOCC2)cc(OC)c1OC;1
CC(CN(C)C)CN1c2ccccc2CCc2ccccc21;1
CCCCNC(=O)OCC(C)(CCC)COC(N)=O;1
O=c1ccn(C2OC(CO)C(O)C2O)c(=O)[nH]1;1
CCCC(CCC)C(=O)O;1
CC(C)N=c1cc2-c(nc3ccccc3n2-c2ccc(Cl)cc2)cc1Nc1ccc(Cl)cc1;0
COc1c(OC)c(OC)c2c(c1)CC[C@H](NC(C)=O)c1cc(=O)c(OC)ccc1-2;0
O=C(O)c1cc(=O)c2cc(OCC(O)COc3cccc4oc(C(=O)O)cc(=O)c34)ccc2o1;0
NC1CONC1=O;1
NC(O)=NO;1
CC(C)[N+]1(C)C2CCC1CC(OC(=O)C(CO)c1ccccc1)C2;0
N=C(N)N/N=C/c1c(Cl)cccc1Cl;0
N=C(N)NCCN1CCCCCCC1;0
CN1C2CCC1CC(OC(=O)C(O)c1ccccc1)C2;0
NNc1nncc2ccccc12;0
NS(=O)(=O)c1cc2c(cc1Cl)NCNS2(=O)=O;0
C[C@]12C[C@H](O)[C@H]3[C@@H](CC=C4CC(=O)CC[C@@]43C)[C@@H]1CC[C@]2(O)C(=O)CO;0
NS(=O)(=O)c1cc2c(cc1C(F)(F)F)NCNS2(=O)=O;0
CC(C)Cc1ccc(C(C)C(=O)O)cc1;0
COc1ccc2c(c1)c(CC(=O)O)c(C)n2C(=O)c1ccc(Cl)cc1;0
CN1Cc2c(-c3noc([C@](C)(O)CO)n3)ncn2-c2cccc(Cl)c2C1=O;0
CCCN(CCC)CCc1ccc(O)c2[nH]c(C)cc12;1
Cc1c(CCN2CCC(c3noc4cc(F)ccc34)CC2)c(=O)n2CCC[C@@H](O)c2n1;1
Cc1nnc2CN=C(c3ccccc3)c3cc(Cl)ccc3-n12;1
O=NN(CCCl)C(=O)NCCCl;1
CCC(C)n1ncn(-c2ccc(N3CCN(c4ccc(OC[C@H]5CO[C@](Cn6cncn6)(c6ccc(Cl)cc6Cl)O5)cc4)CC3)cc2)c1=O;0
NCC1OC(OC2C(N)CC(N)C(OC3OC(CO)C(O)C(N)C3O)C2O)C(O)C(O)C1O;0
CC(C(=O)O)c1cccc(C(=O)c2ccccc2)c1;1
O=C(c1ccccc1)c1ccc2C(C(=O)O)CCn12;0
C[C@H](N)[C@H](O)c1cccc(O)c1;0
NNC(=O)c1ccncc1;0
CC(C)NCC(O)c1ccc(O)c(O)c1;0
O=c1c(O[C@@H]2O[C@H](CO)[C@@H](O)[C@H](O)[C@H]2O)c(-c2ccc(O)c(O)c2)oc2cc(O)cc(O)c12;0
CC(=O)N1CCN(c2ccc(OC[C@H]3CO[C@](Cn4ccnc4)(c4ccc(Cl)cc4Cl)O3)cc2)CC1;0
CC(CCc1ccccc1)NCC(O)c1ccc(O)c(C(N)=O)c1;0
NC(Cc1ccc(O)c(O)c1)C(=O)O;0
OCC(O)C(O)C(O)C(O)CO;0
C=C1c2c(Cl)ccc(O)c2C(=O)C2C(=O)C3(O)C(=O)C(C(N)=O)C(=O)C(N(C)C)C3C(O)C12;0
Cc1ccc(Cl)c(Nc2ccccc2C(=O)O)c1Cl;0
Cc1cccc(Nc2ccccc2C(=O)O)c1C;0
CN=C(NC#N)NCCSCc1[nH]cnc1C;0
Clc1cccc(Cl)c1NC1=NCCN1;1
O=c1[nH]cnc2c1ncn2[C@H]1CC[C@@H](CO)O1;0
COCCc1ccc(OCC(O)CNC(C)C)cc1;1
Cc1ncc([N+](=O)[O-])n1CCO;1
CC#C[C@]1(O)CC[C@H]2C3=C(C4=C(CC3)CC(=O)CC4)C(c3ccc(N(C)C)cc3)C[C@@]21C;0
CN(C)c1ccc(O)c2c1C[C@H]1C[C@H]3C(N(C)C)C(=O)C(C(N)=O)C(=O)[C@@]3(O)C(=O)C1C2=O;1
CC(C)[N+](C)(CCOC(=O)C1c2ccccc2Oc2ccccc21)C(C)C;0
NC(=O)c1cnccn1;1
CN(C)C(=O)Oc1ccc[n+](C)c1;1
CCc1nc(N)nc(N)c1-c1ccc(Cl)cc1;1
C=C[C@H]1CN2CC[C@@H]1C[C@H]2[C@H](O)c1ccnc2ccc(OC)cc12;0
NC(Cc1ccc(N(CCCl)CCCl)cc1)C(=O)O;0
C[N+]1(C)CCCC(OC(=O)C(O)(c2ccccc2)c2ccccc2)C1;0
COc1ccc(CN(CCN(C)C)c2ccccn2)cc1;0
c1ccc2c(c1)Sc1ccccc1N2CC1CN2CCC1CC2;0
C#C[C@]1(O)CC[C@H]2[C@@H]3CCc4cc(OC)ccc4[C@H]3CC[C@@]21C;0
CC[N+](C)(CC)CCOC(=O)C1c2ccccc2Oc2ccccc21;0
CN(Cc1cnc2nc(N)nc(N)c2n1)c1ccc(C(=O)NC(CCC(=O)O)C(=O)O)cc1;0
CN1C(CCl)Nc2cc(Cl)c(S(N)(=O)=O)cc2S1(=O)=O;0
C[C@](N)(Cc1ccc(O)c(O)c1)C(=O)O;0
COc1cccnc1CCCCNc1ncc(Cc2ccc(C)nc2)c(=O)[nH]1;0
Cc1ccc(Cc2c[nH]c(NCCSCc3ccc(C(C)(C)N)o3)nc2=O)cn1;0
CN1CCN2c3ccccc3Cc3ccccc3C2C1;1
CC(C)c1nc(CN(C)C(=O)NC(C(=O)N[C@@H](Cc2ccccc2)C[C@H](O)[C@H](Cc2ccccc2)NC(=O)OCc2cncs2)C(C)C)cs1;0
CC(C)(C)NC(=O)C1C[C@@H]2CCCC[C@@H]2CN1C[C@@H](O)[C@H](Cc1ccccc1)NC(=O)C(CC(N)=O)NC(=O)c1ccc2ccccc2n1;0
FCOC(C(F)(F)F)C(F)(F)F;1
CC(=O)Nc1c(I)c(NC(C)=O)c(I)c(C(=O)O)c1I;0
CC(C)NCC(O)c1ccc(NS(C)(=O)=O)cc1;1
Cc1cn([C@H]2C=C[C@@H](CO)O2)c(=O)[nH]c1=O;1
CN[C@@H]1[C@H](O[C@H]2[C@H](O[C@@H]3[C@@H](N=C(N)N)[C@H](O)[C@@H](N=C(N)N)[C@H](O)[C@H]3O)O[C@@H](C)[C@]2(O)C=O)O[C@@H](CO)[C@H](O)[C@H]1O;0
Nc1ccc(S(=O)(=O)Nc2ncccn2)cc1;1
Cc1[nH]oc(=NS(=O)(=O)c2ccc(N)cc2)c1C;1
Clc1ccc(COC(Cn2ccnc2)c2ccc(Cl)cc2Cl)c(Cl)c1;0
C[C@]12CC[C@@H]3C4=C(CC[C@H]3[C@@H]1CC[C@@H]2O)CC(=O)CC4;0
CCOC(=O)C(c1c(O)c2ccccc2oc1=O)c1c(O)c2ccccc2oc1=O;0
OCc1cccnc1;0
C#C[C@]1(O)CC[C@H]2[C@@H]3CC=C4CC(=O)CCC4[C@H]3CC[C@@]21C;0
NCC(O)c1cccc(O)c1;0
CC(CCc1ccccc1)NC(C)C(O)c1ccc(O)cc1;0
C[C@]12COC(=O)C[C@@H]1CC[C@@H]1[C@@H]2CC[C@@]2(C)[C@H]1CC[C@]2(C)O;0
O=C(O)CCc1nc(-c2ccccc2)c(-c2ccccc2)o1;0
CN1CCN2c3ncccc3Cc3ccccc3C2C1;1
Cc1ccnc2c1NC(=O)c1cccnc1N2C1CC1;1
FC(F)(F)c1ccc(N2CCNCC2)nc1Cl;1
Clc1ccc2Oc3ccccc3[C@@H]3CNC[C@@H]3c2c1;1
Cc1c2Oc3ccccc3[C@@]3(O)CCNC[C@@H]3c2ccc1;1
C=CC[C@H](N)c1ccccc1-c1noc2c1cccc2;1
Cc1c2Oc3ccccc3[C@@]3(O)CCN(C)C[C@@H]3c2ccc1;1
CN1C[C@@H]2c3cc(Cl)ccc3Oc3ccccc3[C@@H]2C1;1
CN=C(C[N+](=O)[O-])NCCSCc1ccc(CN(C)C)o1;0
CC/C(=C(\c1ccccc1)c1ccc(OCCN(C)C)cc1)c1ccccc1;1
CC1(C)SC2C(NC(=O)C(C(=O)O)c3ccsc3)C(=O)N2C1C(=O)O;1
CC[C@@]1(O)C(=O)OCc2c1cc1-c3nc4ccc(O)c(CN(C)C)c4cc3Cn1c2=O;1
Nc1ccn([C@H]2CC[C@@H](CO)O2)c(=O)n1;1
NS(=O)(=O)Cc1noc2ccccc12;1
C[C@@H]1OC(=O)C[C@H](O)C[C@H](O)CC[C@@H](O)[C@H](O)C[C@H](O)C[C@]2(O)C[C@H](O)C(C(=O)O)[C@H](C[C@@H](O[C@@H]3O[C@H](C)[C@@H](O)[C@H](N)[C@@H]3O)/C=C\C=C/C=C\C=C/C=C\C=C/C=C\[C@H](C)[C@@H](O)[C@H]1C)O2;0
Nc1nc(=O)c2c(NCC(CNc3ccc(C(=O)NC(CCC(=O)O)C(=O)O)cc3)N2C=O)[nH]1;1
CN(C)C1C(=O)C(C(N)=O)C(=O)[C@@]2(O)C(=O)C3C(=O)c4c(O)cccc4[C@@](C)(O)[C@H]3[C@H](O)[C@@H]12;0
COc1ccc(Cc2nccc3cc(OC)c(OC)cc23)cc1OC;0
CCOc1ccc(NC(C)=O)cc1;0
Nc1ccc(N=Nc2ccccc2)c(N)n1;0
CN(C)CCC(c1ccccc1)c1ccccn1;0
O=C1OC(c2ccc(O)cc2)(c2ccc(O)cc2)c2ccccc12;0
CC(COc1ccccc1)N(CCCl)Cc1ccccc1;0
CCCCc1c(O)n(-c2ccccc2)n(-c2ccccc2)c1=O;0
CC(C)(C)NCC(O)c1ccc(O)c(CO)n1;0
Cc1c(CCN2CCC(c3noc4cc(F)ccc34)CC2)c(=O)n2CCCCc2n1;1
CN1CC[C@@]2(C)c3cc(OC(=O)Nc4ccccc4)ccc3N(C)[C@@H]12;1
Cc1ccc(Cc2cnc(NCCCCc3ncc(Br)cc3C)[nH]c2=O)cn1;0
C#C[C@]1(O)CC[C@H]2[C@H]3[C@H](CC[C@@]21C)C1=C(CC(=O)CC1)C[C@H]3C;1
CC(C)(ON=C(C(=O)NC1C(=O)N2C(C(=O)[O-])=C(C[n+]3ccccc3)CSC12)c1csc(N)n1)C(=O)O;1
Nc1[nH]c(=O)ncc1F;1
N=C(N)NCC1COC2(CCCCC2)O1;0
O=NN(CCCl)C(=O)NC1CCCCC1;1
O=S(=O)(O)CCS;0
CN(N=O)C(=O)N[C@H]1[C@@H](O)O[C@H](CO)[C@@H](O)[C@@H]1O;0
COc1cc([C@@H]2c3cc4c(cc3[C@@H](OC3OC5COC(c6cccs6)OC5C(O)C3O)[C@H]3COC(=O)C23)OCO4)cc(OC)c1O;1
S=P(N1CC1)(N1CC1)N1CC1;1
CNC(CC(C)C)C(=O)NC1C(=O)NC(CC(N)=O)C(=O)NC2C(=O)NC3C(=O)NC(C(=O)NC(C(=O)O)c4cc(O)cc(O)c4-c4cc3ccc4O)[C@H](O)c3ccc(Oc4cc2cc(c4O[C@@H]2O[C@H](CO)[C@@H](O)[C@H](O)[C@H]2O[C@H]2C[C@](C)(N)[C@H](O)[C@H](C)O2)Oc2ccc(cc2Cl)[C@H]1O)c(Cl)c3;0
CN1C(CSCC(F)(F)F)Nc2cc(Cl)c(S(N)(=O)=O)cc2S1(=O)=O;0
C[C@]12C[C@H](O)[C@H]3[C@@H](CC=C4CC(=O)C=C[C@@]43C)[C@@H]1CC[C@]2(O)C(=O)CO;0
C[C@]12CC(=O)C3[C@@H](CC=C4CC(=O)C=C[C@@]43C)[C@@H]1CC[C@]2(O)C(=O)CO;0
CCCN(CCC)S(=O)(=O)c1ccc(C(=O)O)cc1;0
CC(=O)C1CC[C@H]2[C@@H]3CC=C4CC(=O)CC[C@]4(C)[C@H]3CC[C@]12C;0
CC1OC(O[C@@H]2C=C3CC[C@@H]4[C@H](CC[C@]5(C)[C@@H](c6coc(=O)cc6)CC[C@]45O)[C@@]3(C)CC2)C(O)C(O)C1O;0
COc1ccc(CC(N)C(=O)NC2[C@@H](CO)O[C@@H](n3cnc4c(N(C)C)ncnc43)[C@@H]2O)cc1;0
NC(=O)c1ncn([C@@H]2O[C@H](CO)[C@@H](O)[C@H]2O)n1;0
CN=C(NC#N)NCCSCc1csc(=NC(=N)N)[nH]1;1
c1cc(CN2CCCCC2)cc(OCCCNc2nc3ccccc3s2)c1;1
OCc1ncc2CN=C(c3ccccc3F)c3cc(Cl)ccc3-n21;1
CC(Cl)(Cl)Cl;1
CC(C)CO;1
CCC(C)(C)C;1
Nc1ncnc2c1ncn2C1OC(CO)C(O)C1O;1
CN1Cc2c(-c3noc(C(C)(CO)CO)n3)ncn2-c2c(C1=O)c(Cl)ccc2;0
COC1C=COC2(C)Oc3c(C)c(O)c4c(O)c(c(C=NN5CCN(C)CC5)c(O)c4c3C2=O)NC(=O)C(C)=CC=CC(C)C(O)C(C)C(O)C(C)C(OC(C)=O)C1C;0
O=C(O)c1ccccc1O;0
CN1[C@H]2CC(OC(=O)C(CO)c3ccccc3)C[C@@H]1[C@H]1O[C@@H]21;0
CC(=O)S[C@@H]1C=C2CC(=O)CC[C@]2(C)[C@H]2CC[C@@]3(C)[C@@H](CC[C@@]34CCC(=O)O4)[C@H]12;0
C[C@]12Cc3c(C[C@@H]1CC[C@@H]1[C@@H]2CC[C@@]2(C)[C@H]1CC[C@]2(C)O)[nH]nc3;0
O=C(O)c1cc(N=Nc2ccc(S(=O)(=O)Nc3ccccn3)cc2)ccc1O;0
CC(C)N1CCN(c2ccc(OC[C@H]3CO[C@](Cn4cncn4)(c4ccc(Cl)cc4Cl)O3)cc2)CC1;0
C[C@]12CC[C@H]3[C@@H](CC=C4CC(=O)C=C[C@@]43C)[C@@H]1CCC(=O)O2;0
C[C@]12CC[C@H]3[C@@H](CC=C4CC(=O)CC[C@@]43C)[C@@H]1CC[C@@H]2O;0
CN(C)C1C(=O)C(C(N)=O)C(=O)[C@@]2(O)C(=O)C3C(=O)c4c(O)cccc4[C@@](C)(O)[C@H]3C[C@@H]12;0
CCCC(C)CC;1
CCC(C)CC;1
Cc1ncc2C(O)N=C(c3ccccc3F)c3cc(Cl)ccc3-n21;1
Cc1c(N(C)C)c(=O)n(-c2ccccc2)n1C;1
CC(C)NCC(O)COc1ccc(CC(N)=O)cc1;0
c1ccccc1;1
CC(C)(C)OC(=O)c1c2[C@@H]3CCCN3C(=O)c3c(Br)cccc3-n2cn1;1
O=C(CCCN1CCC(O)(c2ccc(Br)cc2)CC1)c1ccc(F)cc1;1
OC(c1cc(C(F)(F)F)nc2c1cccc2C(F)(F)F)C1CCCCN1;1
CN1c2ccccc2C(c2ccccc2F)=NCC1CNC(=O)c1ccsc1;1
C[C@]12CCC(=O)C=C1CC[C@@H]1[C@@H]2[C@@H](O)C[C@]2(C=O)C(C(=O)CO)CC[C@@H]12;0
O=C(Cc1cc(Cl)c(Cl)cc1)N1CCCC[C@H]1CN1CCCC1;1
O=C(Cc1cc(Cl)c(Cl)cc1)N1CCc2c(cccc2)[C@H]1CN1CCCC1;1
O=C(Cc1ccc(C(F)(F)F)cc1)N1CCCC[C@H]1CN1CCCC1;1
O=C(Cc1ccc(Cl)c(Cl)c1)N1CCc2c(ccs2)[C@H]1CN1CCCC1;1
Nc1nc(=S)c2c(nc[nH]2)[nH]1;0
Cc1ccc(S(=O)(=O)NC(=O)NN2CCCCCC2)cc1;0
CCCCNC(=O)NS(=O)(=O)c1ccc(C)cc1;0
C[C@]12C[C@H](O)[C@@]3(F)[C@@H](CC=C4CC(=O)C=C[C@@]43C)[C@@H]1C[C@@H](O)[C@]2(O)C(=O)CO;0
Nc1nc(N)c2nc(-c3ccccc3)c(N)nc2n1;0
NS(=O)(=O)c1cc2c(cc1Cl)NC(C(Cl)Cl)NS2(=O)=O;0
CC1OC(=O)C(C(C)C)NC(=O)C(C(C)C)OC(=O)C(C(C)C)NC(=O)C(C)OC(=O)C(C(C)C)NC(=O)C(C(C)C)OC(=O)C(C(C)C)NC(=O)C(C)OC(=O)C(C(C)C)NC(=O)C(C(C)C)OC(=O)C(C(C)C)NC1=O;0
COc1ccc(CCN(C)CCCC(C#N)(c2ccc(OC)c(OC)c2)C(C)C)cc1OC;0
CC(=O)CC(c1ccccc1)c1c(O)c2ccccc2oc1=O;0
CCC(C)=O;1
C1CC1;1
NCCCN1c2c(cccc2)CCc2c1cccc2;1
CCOCC;1
FC(F)OC(F)(F)C(F)Cl;1
O=C(Cc1ccc(Cl)c(Cl)c1)N1CCc2[nH]cnc2[C@H]1CN1CCCC1;0
CC1(C)CCN(C(=O)Cc2ccc(Cl)c(Cl)c2)[C@@H](CN2CCCC2)C1;1
CC(C)(C(=O)O)c1ccc(C(=O)CCCN2CCC(OC(c3ccccc3)c3ccccc3)CC2)cc1;0
O=C(O)COCCN1CCN(C(c2ccccc2)c2ccc(Cl)cc2)CC1;0
O=C(O)c1cn(C2CC2)c2cc(N3CCNCC3)c(F)cc2c1=O;0
CCc1c(O)c(=O)ccn1CCO;0
CCc1c(O)c(=O)ccn1CCCCO;0
COC(=O)C1[C@@H](O)CC[C@H]2CN3CCc4c([nH]c5ccccc45)[C@@H]3C[C@H]12;0
Cc1cn([C@H]2C[C@H](N=[N+]=[N-])[C@@H](CO)O2)c(=O)[nH]c1=O;0
CC(=O)c1ccc2Sc3ccccc3N(CCCN(C)C)c2c1;1
CC(=O)c1ccc2Sc3ccccc3N(CCCN3CCN(CCO)CC3)c2c1;1
C=CCC1(CC=C)C(=O)NC(=O)NC1=O;1
NC12CC3CC(CC(C3)C1)C2;1
CCC1(CCC(C)C)C(=O)NC(=O)NC1=O;1
CC(N)Cc1ccccc1;1
CCO;1
CCOC(=O)c1c2CN(C)C(=O)c3cc(F)ccc3-n2cn1;1
CN1C(=O)CN=C(c2ccccc2F)c2cc([N+](=O)[O-])ccc21;1
C=COCC(F)(F)F;1
FC(F)(F)C(Cl)Br;1
CCCCCCC;1
CCCCCC;1
Cc1c(O)c(=O)ccn1C;1
CCn1ccc(=O)c(O)c1C;1
CCCCn1ccc(=O)c(O)c1C;1
Cc1c(O)c(=O)ccn1CCCO;0
CCc1c(O)c(=O)ccn1CC;1
CN1CCN(c2cc3c(cc2F)c(=O)c(C(=O)O)cn3-c2ccc(F)cc2)CC1;0
Cc1cc(=O)n(-c2ccccc2)n1C;1
CN1CCc2cccc3c2[C@H]1Cc1ccc(O)c(O)c1-3;1
COC(=O)C1=CCCN(C)C1;1
O=C(CCCN1CCN(c2ccccn2)CC1)c1ccc(F)cc1;1
CCN(CC)CCOC(=O)C(O)(c1ccccc1)c1ccccc1;1
O=C(CCCN1CCC(n2c(=O)[nH]c3ccccc32)CC1)c1ccc(F)cc1;1
CCOC(=O)c1ccc(N)cc1;1
CCN(CC)C(=O)C1CN2CCc3cc(OC)c(OC)cc3C2CC1OC(C)=O;1
CN1C2CCC1CC(OC(c1ccccc1)c1ccccc1)C2;1
OC(CCN1CCCCC1)(c1ccccc1)C1CC2C=CC1C2;1
CN1C(=O)NC(=O)C(C)(C2=CCCCC2)C1=O;1
CC(C)(C)NC(=O)C1CN(Cc2cccnc2)CCN1C[C@@H](O)CC(Cc1ccccc1)C(=O)N[C@H]1c2ccccc2C[C@H]1O;1
FC(F)OC(Cl)C(F)(F)F;1
C=CCC1(C(C)C#CCC)C(=O)NC(=O)N(C)C1=O;1
COC(F)(F)C(Cl)Cl;1
CC1CCCC1;1
CNCCCN1c2c(cccc2)Sc2c1cc(Cl)cc2;1
NCCCN1c2c(cccc2)Sc2c1cc(Cl)cc2;1
CN(C(=O)Cc1ccccc1N)[C@@H](CN1CC[C@@H](O)C1)c1ccccc1;0
CCn1cc(C(=O)O)c(=O)c2cc(F)c(N3CCNCC3)nc21;0
CN1CCN(c2c(F)cc3c(=O)c(C(=O)O)cn(CCF)c3c2F)CC1;0
CC(=O)N1CCN(C(=O)Cc2cc(Cl)c(Cl)cc2)[C@@H](CN2CCCC2)C1;1
O=C(Cc1ccc(Cl)c(Cl)c1)N1CCc2occc2[C@H]1CN1CCCC1;1
COC(=O)N1CCN(C(=O)Cc2ccc(Cl)c(Cl)c2)[C@@H](CN2CCCC2)C1;1
O=C1CN=C(c2ccccn2)c2cc(Br)ccc2N1;1
CC(C)(C)c1ccc(CN2CCN(C(c3ccccc3)c3ccc(Cl)cc3)CC2)cc1;1
CN(C)CCc1c[nH]c2ccc(O)cc12;1
CC(NC(C)(C)C)C(=O)c1cccc(Cl)c1;1
O=C(NCc1ccccc1)OCCO;1
CCC(C)C1(CC)C(=O)NC(=O)NC1=O;1
Cn1c(=O)c2c(ncn2C)n(C)c1=O;1
C=C(C)[C@@H]1CCC(C)=CC1c1c(O)cc(CCCCC)cc1O;1
CCC(C)C(CC)C(=O)NC(N)=O;1
NC(=O)N1c2ccccc2C=Cc2ccccc21;1
CSc1ccc2Sc3ccccc3N(CCC3CCCNC3)c2c1;1
Cn1c(=O)[nH]c2c(c1=O)n(C)cn2;1
CCCCC;1
CCCO;1
CC(C)=O;1
CCOC(=O)N1CCN(C(=O)Cc2ccc(Cl)c(Cl)c2)[C@@H](CN2CCCC2)C1;1
CCCOC(=O)N1CCN(C(=O)Cc2cc(Cl)c(Cl)cc2)[C@@H](CN2CCCC2)C1;1
O=C(Cc1ccc(Cl)c(Cl)c1)N1CCc2occc2[C@H]1CN1CC[C@@H](O)C1;1
CC(=O)N1CCN(C(=O)Cc2ccc(Cl)c(Cl)c2)[C@@H](CN2CC[C@@H](O)C2)C1;0
CC(=O)N1CCN(C(=O)Cc2ccc(C(F)(F)F)cc2)[C@@H](CN2CC[C@@H](O)C2)C1;0
CSc1ccc(CC(=O)N2CCN(C(C)=O)C[C@@H]2CN2CC[C@@H](O)C2)cc1;0
CC(=O)N1CCN(C(=O)Cc2cc(F)cc(F)c2)[C@@H](CN2CC[C@@H](O)C2)C1;0
COc1cccc(CC(=O)N2CCN(C(C)=O)C[C@@H]2CN2CC[C@@H](O)C2)c1;0
CC(=O)N1CCN(C(=O)Cc2ccc([N+](=O)[O-])cc2)[C@@H](CN2CC[C@H](O)C2)C1;0
COc1ccc(CC(=O)N2CCN(C(C)=O)C[C@@H]2CN2CC[C@@H](O)C2)cc1;0
CCC(=O)c1ccc2Sc3ccccc3N(CCCN3CCN(CCO)CC3)c2c1;1
CCCCNc1c(C(=O)OCC)cnc2c1cnn2CC;1
Nn1cnc2cc3ccccc3cc2c1=O;1
OC(O)C(Cl)(Cl)Cl;1
CN=C1CN(O)C(c2ccccc2)=c2cc(Cl)ccc2=N1;1
CN(C)CCCN1c2ccccc2Sc2ccc(Cl)cc21;1
CN(C)CC/C=C1/c2ccccc2Sc2ccc(Cl)cc12;1
Oc1nc2cc(Cl)ccc2o1;1
C[N+](C)(C)CCO;1
CN1C(=O)CC(=O)N(c2ccccc2)c2cc(Cl)ccc21;1
O=C(O)CNC(=O)c1ccccc1O;1
CN1CCCCC1CCN1c2ccccc2Sc2ccc(S(C)(=O)=O)cc21;1
FC(Br)C(F)(F)F;1
Cn1cnc2c1c(=O)[nH]c(=O)n2C;1
CCCC(C)C1(CC)C(=O)NC(=S)NC1=O;0
Cc1ccccc1;1
Cc1nnc2CN=C(c3ccccc3Cl)c3cc(Cl)ccc3-n12;1
CC(=O)N1CCN(C(=O)Cc2cc([N+](=O)[O-])ccc2)[C@@H](CN2CC[C@H](O)C2)C1;0
CC(=O)N1CCN(C(=O)Cc2ccccc2)[C@@H](CN2CC[C@@H](O)C2)C1;0
CC(=O)N1CCN(C(=O)Cc2ccc([S@@+](C)[O-])cc2)[C@@H](CN2CC[C@H](O)C2)C1;0
CC(=O)N1CCN(C(=O)Cc2ccc(S(C)(=O)=O)cc2)[C@@H](CN2CC[C@H](O)C2)C1;0
CC(C)[C@@H](CN1CCCC1)N(C)C(=O)Cc1ccc(Cl)c(Cl)c1;1
CN(C(=O)Cc1ccc(Cl)c(Cl)c1)[C@@H](CN1CCCC1)c1ccccc1;1
Cc1cc(NC(=O)C2C(=O)c3ccccc3S(=O)(=O)N2C)no1;0
C=CCN1CC[C@]23CCCC[C@H]2[C@H]1Cc1ccc(O)cc13;1
CCn1cc(C(=O)O)c(=O)c2cc(F)c(N3CCNC(C)C3)c(F)c21;0
CN(C)CCCN1c2ccccc2CCc2ccc(Cl)cc21;1
O=C1CN=C(c2ccccc2Cl)c2cc([N+](=O)[O-])ccc2N1;1
OCCN1CCN(CC/C=C2/c3ccccc3Sc3ccc(Cl)cc23)CC1;1
O=c1[nH]c2cc(Cl)ccc2n1C1CCN(CCCC(c2ccc(F)cc2)c2ccc(F)cc2)CC1;1
COC(=O)C1C2CCC(C[C@@H]1OC(=O)c1ccccc1)N2C;1
COc1ccc2C[C@@H]3[C@@H]4C=C[C@H](O)[C@@H]5Oc1c2[C@@]54CCN3C;1
CC1C2Cc3ccc(O)cc3C1(C)CCN2CC1CC1;1
FC(F)(F)c1ccc2Sc3ccccc3N(CCCN3CCN(C4CC4)CC3)c2c1;1
CN(C)CCO;1
ClC=C(Cl)Cl;1
NCCc1nc(-c2ccccc2)cs1;0
Cc1cccc(C)c1;1
CCOC(=O)N1CCC(=C2c3ccc(Cl)cc3CCc3cccnc23)CC1;0
Cc1cnc(NC(=O)C2C(=O)c3ccccc3S(=O)(=O)N2C)s1;0
C=CCN1CC[C@]23c4c5O[C@H]2[C@@H](O)C=C[C@H]3[C@H]1Cc4ccc5O;1
O=C1CC[C@@]2(O)[C@H]3Cc4ccc(O)c5c4[C@@]2(CCN3CC2CC2)C1O5;1
CCn1cc(C(=O)O)c(=O)c2cc(F)c(N3CCNCC3)cc21;0
CCn1cc(C(=O)O)c(=O)c2cc(F)c(N3CCN(C)CC3)cc21;0
CN1C(C(=O)Nc2ccccn2)C(=O)c2ccccc2S1(=O)=O;0
Oc1ccc2[nH]cc(CCCCN3CC=C(c4ccccc4)CC3)c2c1;1
COC(=O)C1[C@H]2C[C@@H]3c4[nH]c5ccccc5c4CCN3C[C@H]2C[C@@H](OC(=O)c2cc(OC)c(OC)c(OC)c2)[C@@H]1OC;1
CNCCCN1c2ccccc2CCc2ccccc21;1
CN1C(=O)CN=C(c2ccccc2)c2cc(Cl)ccc21;1
COc1ccc2C[C@@H]3[C@@H]4CC[C@H](O)[C@@H]5Oc1c2[C@@]54CCN3C;1
CN1CCC23c4c5ccc(O)c4OC2C(O)CCC3C1C5;1
CN(C)CCOC(c1ccccc1)c1ccccc1;1
CC(CN1CCN(CCOCCO)CC1)CN1c2ccccc2Sc2ccccc21;1
COC(=O)c1ccc(C(=O)OC)cc1;1
Cc1ccccc1C;1
Cc1ccc(C)cc1;1
CC(C)O;1
CC[C@H](NC(=O)c1c(C)c(-c2ccccc2)nc2ccccc12)c1ccccc1;1
CC(C)Nc1cccnc1N1CCN(C(=O)c2cc3cc(NS(C)(=O)=O)ccc3[nH]2)CC1;0
CC(C)(C)c1ccc(C(=O)CCCN2CCC(OC(c3ccccc3)c3ccccc3)CC2)cc1;0
CN1CCN(CC(=O)N2c3ccccc3C(=O)Nc3cccnc32)CC1;1
CCCNC(=O)c1cc2c(cc1)Sc1ccccc1N2[C@@H](C)CN1CCCC1;1
CN1CCN(c2c(F)cc3c(=O)c(C(=O)O)cn4CCSc2c34)CC1;0
CC(C)(C)NCC(O)c1ccc(O)c(CO)c1;0
CN1CCN(C(=O)Cc2ccc(Cl)c(Cl)c2)[C@@H](CN2CCCC2)C1;1
O=C(Cc1ccc(Cl)c(Cl)c1)N1CCn2ccnc2[C@H]1CN1CCCC1;1
O=C1NC(=O)[C@@]2(CCN(C(=O)Cc3ccc(Cl)c(Cl)c3)[C@@H](CN3CCCC3)C2)N1;0
O=C(Cc1ccc(Cl)c(Cl)c1)N1CCn2ccnc2[C@H]1CN1CC[C@@H](O)C1;0
O=C(Cc1ccc(Cl)c(Cl)c1)N1CCn2ncnc2[C@H]1CN1CCCC1;1
O=C(Cc1ccc(Cl)c(Cl)c1)N1CCN(CCO)C[C@@H]1CN1CC[C@@H](O)C1;0
CN(C)CC/C=C1/c2ccccc2COc2ccccc12;1
O=C(CCCN1CC=C(n2c(=O)[nH]c3ccccc32)CC1)c1ccc(F)cc1;1
CC=C(CC)C(=O)NC(N)=O;1
CCC(C)(CC)OC(N)=O;1
Clc1ccc2c(c1)C(c1ccccc1)=NCc1nncn-21;1
CCc1ccccc1-n1c(C)nc2ccccc2c1=O;1
CCOC(=O)c1cnc2c(c1NN=C(C)C)cnn2CC;1
C#CC(O)(/C=C/Cl)CC;1
C#CC1(OC(N)=O)CCCCC1;1
CN1CC[C@@H]2c3c(ccc(Cl)c3)Oc3ccccc3[C@H]2C1;1
O=C1CCCN1CCCCN1CCN(c2cc(C(F)(F)F)cc(Cl)n2)CC1;1
Clc1cc2c(cc1)Oc1ccccc1[C@H]1CNCC[C@H]21;1
O=C(Cc1ccc(Cl)c(Cl)c1)N1CCc2[nH]cnc2[C@H]1CN1CC[C@@H](O)C1;0
CC[C@H](NC(=O)c1c(O)c(-c2ccccc2)nc2ccccc12)c1ccccc1;1
CC[C@H](NC(=O)c1c(OCCCN(C)C)c(-c2ccccc2)nc2ccccc12)c1ccccc1;1
CC[C@H](NC(=O)c1c(OCC(=O)O)c(-c2ccccc2)nc2ccccc12)c1ccccc1;0
CC[C@H](NC(=O)c1c(OCCCC(=O)O)c(-c2ccccc2)nc2ccccc12)c1ccccc1;0
CC[C@H](NC(=O)c1c(OCCNC(=O)Cc2c(C(=O)O)cccc2)c(-c2ccccc2)nc2ccccc12)c1ccccc1;0
CC[C@H](NC(=O)c1c(OCCNC(=O)Cc2ccccn2)c(-c2ccccc2)nc2ccccc12)c1ccccc1;0
CC[C@H](NC(=O)c1c(OCCNC(=O)C2CCCN2)c(-c2ccccc2)nc2ccccc12)c1ccccc1;0
CC[C@H](NC(=O)c1c(Cn2ccnc2)c(-c2ccccc2)nc2ccccc12)c1ccccc1;0
C[C@H]1CN(c2c(F)c(N)c3c(=O)c(C(=O)O)cn(C4CC4)c3c2F)C[C@@H](C)N1;0
CCC1(C)CC(=O)NC1=O;1
CCc1ccc2Sc3ccccc3N(CC(C)CN(C)C)c2c1;1
OCCN1CCN(CC/C=C2/c3ccccc3Sc3ccc(C(F)(F)F)cc23)CC1;1
OCCN1CCN(CCCN2c3ccccc3Sc3ccc(C(F)(F)F)cc32)CC1;1
CCN(CC)CCN1C(=O)CN=C(c2ccccc2F)c2cc(Cl)ccc21;1
COc1cc2c3c(c1O)C1(C=CC(=O)C=C1)CC3N(C)CC2;1
CCC1(c2ccccc2)CCC(=O)NC1=O;1
O=C(CCCN1CCC(O)(c2ccc(Cl)cc2)CC1)c1ccc(F)cc1;1
Cc1[nH]ccc2c1[nH]c1cc(=O)ccc12;1
Cc1nccc2c1[nH]c1ccccc12;1
O=[N+]([O-])c1c(NCCSCc2ncccc2)[nH]cc1;1
Cc1cc(C(C)(C)SC(C)(C)CNc2[nH]ccc2[N+](=O)[O-])nc(C)c1C;1
Cc1c(C)c(C)c(C(C)(C)N(C(C)(C)N)C(C)(C)N)o1;1
Cc1cn[o+]c(C([NH])CC(C)C(C)(C)N(C(C)(C)C)C(C)(N)N)c1[O-];1
CN1C(C(=O)Nc2ccccn2)C(=O)c2sccc2S1(=O)=O;0
CC(C)(C)c1ccc(C(O)CCCN2CCC(C(O)(c3ccccc3)c3ccccc3)CC2)cc1;0
CN(C(=O)Cc1ccc(Cl)c(Cl)c1)C1CCCC[C@H]1N1CCCC1;1
CC(=O)Oc1c2O[C@H]3[C@@H](OC(C)=O)C=C[C@H]4[C@H]5Cc(c2[C@@]34CCN5C)cc1;1
C#CCC1(OC(N)=O)CCCCC1;1
OCCN1CCCN(CCCN2c3ccccc3Sc3cc(C(F)(F)F)ccc32)CC1;1
COc1ccc2C[C@@H]3[C@@H]4CCC(=O)C5Oc1c2[C@@]54CCN3C;1
CCC(O)(COC(N)=O)c1ccccc1;1
OCCOCCN1CCN(C(c2ccccc2)c2ccc(Cl)cc2)CC1;1
CN(C)CCCN1c2ccccc2CCc2ccccc21;1
CNC1(c2ccccc2Cl)CCCCC1=O;1
O=C(O)c1cc(=O)c2ccccc2[nH]1;1
OCCCOc1cc(CN2CCCCC2)ccc1;1
c1ccc(NCCCOc2cccc(CN3CCCCC3)c2)nc1;1
c1cc(CN2CCCCC2)cc(OCCCNc2nc3ccccc3o2)c1;1
Cc1ccc(CC2C=NC(NCCSCc3ccc(CN(C)C)o3)=NC2)cn1;0
CN(C)c1nccc(-c2n[nH]c(N)n2)c1;0
O=C(CCCN1CCC(C(=O)c2ccc(F)cc2)CC1)c1ccc(F)cc1;1
CN1CC[C@]23CCCC[C@H]2[C@H]1Cc1ccc(O)cc13;1
CCN(CC)CC(=O)Nc1c(C)cccc1C;1
O=C1N=C(c2ccccc2Cl)c2cc(Cl)ccc2NC1O;1
CC(C)N1CCC(N(C(=O)Cc2ccccc2)c2ccc(Cl)cc2)CC1;1
CN(C)CCOC(=O)COc1ccc(Cl)cc1;1
Cc1nc2ccccc2c(=O)n1-c1ccccc1Cl;1
CN1CCN=C(c2ccccc2)c2cc(Cl)ccc21;1
CCCC(C)(COC(N)=O)COC(N)=O;1
COc1cc(CN[C@@H]2CCCN[C@H]2c2ccccc2)c2OCCc2c1;1
NCCn1ncc2cc(Cl)c(Cl)cc21;1
Nc1nc(NC2CC2)c2ncn([C@H]3C=C[C@@H](CO)C3)c2n1;1
CCCC(=O)Nc1ccc(OCC(O)CNC(C)C)c(C(C)=O)c1;1
CCCSc1ccc2nc(NC(=O)OC)[nH]c2c1;1
NCCCNCCSP(=O)(O)O;0
COc1cc(CCN)cc(OC)c1OC;1
CN1CCCCC1CCN1c2c(cccc2)Sc2ccc([S+](C)[O-])cc21;1
CN[C@@H](C)Cc1ccccc1;1
Cc1ccccc1-n1c(C)nc2ccccc2c1=O;1
COc1ccccc1OCC(O)COC(N)=O;1
COc1ccc2Sc3ccccc3N(CCCN(C)C)c2c1;1
COc1ccc2Sc3ccccc3N(C[C@H](C)CN(C)C)c2c1;1
C#CC(C)(O)CC;1
COC(=O)C(c1ccccc1)C1CCCCN1;1
CCC1(CC)C(=O)NCC(C)C1=O;1
NCCC(O)C(=O)N[C@@H]1C[C@H](N)[C@@H](O[C@H]2O[C@H](CN)[C@@H](O)[C@H](O)[C@H]2O)[C@H](O)[C@H]1O[C@H]1O[C@H](CO)[C@@H](O)[C@H](N)[C@H]1O;1
Nc1ccc(C(=O)O)c(O)c1;0
Nc1ccn([C@@H]2O[C@H](CO)[C@@H](O)[C@@H]2O)c(=O)n1;1
CN(C)N=Nc1[nH]cnc1C(N)=O;1
COc1cccc2c(O)c3c(c(O)c12)C(=O)C1=C(C[C@@](O)(C(C)=O)C[C@@H]1O[C@H]1C[C@H](N)[C@H](O)[C@H](C)O1)C3=O;0
CN(C)C1C(=O)C(C(N)=O)C(=O)[C@@]2(O)C(=O)C3C(=O)c4c(O)ccc(Cl)c4[C@@H](O)[C@H]3C[C@@H]12;0
O=C1CC(=O)N(c2ccccc2)c2cc(Cl)ccc2N1;1
CNCCCN1c2ccccc2Sc2ccccc21;1
C[C@@H](CN1CC(=O)NC(=O)C1)N1CC(=O)NC(=O)C1;0
Cc1ccc(C2(O)CCN(CCCC(=O)c3ccc(F)cc3)CC2)cc1;1
CN1CC[C@]23c4c5ccc(O)c4O[C@H]2C(O)C=C[C@H]3[C@H]1C5;1
CN1CC=C(c2ccccc2)CC1;1
C=CCN1CC[C@]23c4c5OC2C(=O)CC[C@@]3(O)[C@H]1Cc4ccc5O;1
CN1CCC[C@H]1c1cccnc1;1
O=C1CN=C(c2ccccc2)c2cc([N+](=O)[O-])ccc2N1;1
O=C1CN=C(c2ccccc2)c2cc(Cl)ccc2N1;1
CNCCC=C1c2ccccc2CCc2ccccc12;1
Cc1ccccc1C(OCCN(C)C)c1ccccc1;1
COc1ccc2C[C@H]3[C@H]4CCCC[C@@]4(CCN3C)c2c1;1
CN1CC(C(=O)N[C@]2(C)O[C@@]3(O)[C@@H]4CCCN4C(=O)C(Cc4ccccc4)N3C2=O)C[C@@H]2c3c4c(c[nH]c4ccc3)C[C@H]21;0
CCN(CC)C(=S)SSC(=S)N(CC)CC;1
O=C1Nc2ccc(Cl)cc2[C@@](C#CC2CC2)(C(F)(F)F)O1;0
CCOC(=O)C(CCc1ccccc1)NC(C)C(=O)N1CCCC1C(=O)O;0
CC[C@@H](CO)NCCN[C@@H](CC)CO;0
CC[C@@]1(O)C[C@H](OC2CC(N(C)C)C(OC3CC(O)C(OC4CCC(=O)C(C)O4)C(C)O3)C(C)O2)c2c(O)c3c(cc2C1C(=O)OC)C(=O)c1cccc(O)c1C3=O;0
CC1(C)SC2C(NC(=O)CCCC(N)C(=O)O)C(=O)N2C1C(=O)O;0
CNCC(O)c1ccc(O)c(O)c1;0
COc1cccc2c(O)c3c(c(O)c12)C(=O)C1=C(CC(O)(C(=O)CO)CC1O)C3=O;0
C=CCSCC(=O)NC1C(=O)N2C1SC(C)(C)C2C(=O)O;0
CC1(C)SC2C(NC(=O)C34C[C@@H]5C[C@@H](CC(N)(C5)C3)C4)C(=O)N2C1C(=O)O;0
CC(C)(C)C(=O)OCOC(=O)C1N2C(=O)C(N=CN3CCCCCC3)[C@H]2SC1(C)C;0
CN(C)C1C(=O)C(C(N)=O)C(=O)[C@@]2(O)C(=O)C3C(=O)c4c(ccc(N)c4O)CC3C[C@@H]12;0
CC(=O)[C@]1(N)C=C2C(=O)c3c(c(O)c4ccccc4c3O)C(=O)C2[C@@H](O[C@H]2C[C@H](O)[C@H](O)CO2)C1;0
CC1(C)SC2C(NC(=O)C(NC(=O)c3c[nH]c4cccnc4c3=O)c3ccccc3)C(=O)N2C1C(=O)O;0
CN(C)C1C(=O)C(C(=O)NC(C(=O)O)N2CCN(CCO)CC2)C(=O)[C@@]2(O)C(=O)C3C(=O)c4c(O)cccc4[C@@](C)(O)[C@H]3C[C@@H]12;0
CN[C@@H]1[C@@H](O[C@H]2O[C@H](CO)[C@@H](N)[C@H](O)[C@H]2O)O[C@H]2C[C@@H](N)[C@H](O[C@@H]3[C@@H](N)C[C@@H](N)[C@H](O)[C@H]3O)O[C@@H]2[C@@H]1O;0
NCCC(O)C(=O)N[C@@H]1C[C@H](N)[C@@H](O[C@H]2O[C@H](CN)CC[C@H]2N)[C@H](O)[C@H]1O[C@H]1O[C@H](CO)[C@@H](O)[C@H](N)[C@H]1O;0
CNC(=O)CC(N)C(=O)NC(C(=O)NC1C(=O)N2C1SC(C)(C)C2C(=O)O)c1ccc(O)cc1;0
CO[C@H]1[C@@H](O)[C@H](N)[C@@H](O[C@H]2O[C@H](C(C)N)CC[C@H]2N)[C@H](O)[C@@H]1N(C)C(=O)CN;0
CC1C(=NC(=O)C(NOC(C)(C)C(=O)O)c2csc(N)n2)C(=O)N1S(=O)(=O)O;0
CCOC(=O)OC(C)OC(=O)C1N2C(=O)C(N=CN3CCCCCC3)[C@H]2SC1(C)C;0
NCC1OC(OC2C(N)CC(N)C(OC3OC(CO)C(O)C(N)C3O)C2O)C(N)C(O)C1O;0
NC(CO)C(=O)NNCc1ccc(O)c(O)c1O;0
CC(C)COCC(CN(Cc1ccccc1)c1ccccc1)N1CCCC1;0
CC[C@H]1OC(=O)C(C)[C@@H](OC2CC(C)(OC)C(O)C(C)O2)C(C)[C@@H](OC2OC(C)CC(N(C)C)C2O)[C@](C)(O)CC(C)C(=O)C(C)[C@@H](O)[C@H]1C;0
NCCC(O)CNC1CC(N)C(OC2OC(CN)C(O)C(O)C2O)C(O)C1OC1OC(CO)C(O)C(N)C1O;0
CC(C)(C)NCC(O)c1ccc(O)c(NC(N)=O)c1;0
CC1(C)SC2C(NC(=O)C(C(=O)Oc3ccccc3)c3ccccc3)C(=O)N2C1C(=O)O;0
CC1(C)SC2C(NC(=O)C(C(=O)Oc3ccc4CCCc4c3)c3ccccc3)C(=O)N2C1C(=O)O;0
CC(=O)[C@]1(O)C=C2C(=O)c3c(c(O)c4c(O)cccc4c3O)C(=O)C2C(OC2CC(N)C(O)C(C)O2)C1;0
NC(=O)OCC1C(=NC(=O)C(NOCC(=O)O)c2csc(N)n2)C(=O)N1S(=O)(=O)O;0
NC(C(=O)NC1C(=O)N2C(C(=O)O)=C(Cl)CSC12)c1ccccc1;0
CC1=C(C(=O)O)N2C(=O)C(NC(=O)C(N)c3ccc(O)cc3)C2SC1;0
CC1=C(C(=O)O)N2C(=O)C(NC(=O)C(N)c3ccccc3)C2SC1;0
CC(=O)OCC1=C(C(=O)O)N2C(=O)C(NC(=O)Cc3ccccc3)C2SC1;0
Cc1nnc(SCC2=C(C(=O)O)N3C(=O)C(NC(=O)C(N)c4ccc(O)cc4)C3SC2)s1;0
NC(C(=O)NC1C(=O)N2C(C(=O)O)=C(CSc3c[nH]nn3)CSC12)c1ccc(O)cc1;0
Cn1nnnc1SCC1=C(C(=O)O)N2C(=O)C(NC(=O)CSC(F)(F)F)C2SC1;0
Cc1nnc(SCC2=C(C(=O)O)N3C(=O)C(NC(=O)Cn4cc(Cl)c(=O)c(Cl)c4)C3SC2)s1;0
Cc1nnc(SCC2=C(C(=O)O)N3C(=O)C(NC(=O)C(O)c4ccccc4)C3SC2)s1;0
Cc1nnc(SCC2=C(C(=O)OCc3oc(=O)oc3C)N3C(=O)C(NC(=O)C(OC(=O)C(C)N)c4ccccc4)C3SC2)s1;0
CCCC(C(=O)N=C1C(=O)N2C(C(=O)O)=C(COC(N)=O)CSC12)c1csc(N)n1;0
COCC1=C(C(=O)O)N2C(=O)C(NC(=O)C(=NO)c3csc(N)n3)C2SC1;0
C=CC1=C(C(=O)O)N2C(=O)C(NC(=O)C(=NO)c3csc(N)n3)C2SC1;0
CO/N=C(\C(=O)NC1C(=O)N2C(C(=O)O)=C(/C=C\c3scnc3C)CS[C@H]12)c1csc(N)n1;0
CC1=C(C(=O)O)N2C(=O)C(NC(=O)C(N)c3ccc(O)c(Cl)c3)C2SC1;0
CON=C(C(=O)NC1C(=O)N2C(C(=O)O)=C(C)CSC12)c1csc(N)n1;0
O=C(Cc1cccs1)NC1C(=O)N2C(C(=O)O)=C(CSc3nc[nH]n3)CSC12;0
Cn1nnnc1SCC1=C(C(=O)O)N2C(=O)C(NC(=O)CS/C=C\C#N)C2SC1;0
C=CC1=C(C(=O)O)N2C(=O)C(=NC(=O)C(NOCC(=O)O)c3csc(N)n3)C2SC1;0
CON=C(C(=O)NC1C(=O)N2C(C(=O)O)=C(CSc3nnnn3C)CSC12)c1csc(N)n1;0
CO[C@@]1(NC(=O)CSCC#N)C(=O)N2C(C(=O)O)=C(CSc3nnnn3C)CS[C@@H]21;0
CO[C@@]1(NC(=O)CSCC(N)C(=O)O)C(=O)N2C(C(=O)O)=C(CSc3nnnn3C)CS[C@@H]21;0
CON=C(C(=O)NC1C(=O)N2C(C(=O)O)=C(CSc3nc(C)c(CC(=O)O)s3)CSC12)c1csc(N)n1;0
O=C(O)C1=C(CSc2nnnn2CS(=O)(=O)O)CSC2C(NC(=O)C(O)c3ccccc3)C(=O)N12;0
NCc1ccccc1CC(=O)NC1C(=O)N2C(C(=O)O)=C(CSc3nnnn3CC(=O)O)CSC12;0
CO[C@@]1(NC(O)=c2sc(=C(C(N)=O)C(=O)O)s2)C(=O)N2C(C(=O)O)=C(CSc3nnnn3C)CS[C@@H]21;0
CN(C)CCn1nnnc1SCC1=C(C(=O)O)N2C(=O)C(NC(=O)Cc3csc(N)n3)C2SC1;0
CC(=O)OCC1=C(C(=O)O)N2C(=O)C(NC(=O)c3c(-c4ccccc4Cl)noc3C)C2SC1;0
Cc1cc(=O)c(C(=O)NC(C(=O)NC2C(=O)N3C(C(=O)O)=C(CSc4nnnn4C)CS[C@H]23)c2ccc(O)cc2)c[nH]1;0
COCC1=C(C(=O)O)N2C(=O)C(=NC(=O)C(NOC)c3csc(N)n3)C2SC1;0
CC=CC1=C(C(=O)O)N2C(=O)C(NC(=O)C(N)c3ccc(O)cc3)C2SC1;0
CC1=C(C(=O)O)N2C(=O)C(NC(=O)Cc3ccc(C4=NCCCN4)cc3)C2SC1;0
COC1=C(C(=O)O)N2C(=O)C(NC(=O)C(N)C3C=CCC=C3)C2SC1;0
CC1=C(C(=O)O)N2C(=O)C(NC(=O)C(N)c3cccc(NS(C)(=O)=O)c3)C2SC1;0
CON=C(C(=O)NC1C(=O)N2C(C(=O)O)=C(Cn3nnc(C)n3)CSC12)c1csc(N)n1;0
O=C(Cn1cnnn1)NC1C(=O)N2C(C(=O)O)=C(CSc3nncs3)CSC12;0
Nc1nc(C(CCC(=O)O)C(=O)N=C2C(=O)N3C(C(=O)O)=CCSC23)cs1;0
CON=C(C(=O)NC1C(=O)N2C(C(=O)O)=C(CSC(=O)c3ccco3)CSC12)c1csc(N)n1;0
CON=C(C(=O)NC1C(=O)N2C(C(=O)O)=C(/C=C/Sc3n[nH]c(=O)c(=O)n3CC=O)CSC12)c1csc(N)n1;0
CON=C(C(=O)NC1C(=O)N2C(C(=O)O)=C(COC(C)=O)C[S+]([O-])C12)c1csc(N)n1;0
CON=C(C(=O)NC1C(=O)N2C(C(=O)O)=CCSC12)c1csc(N)n1;0
CON=C(C(=O)NC1C(=O)N2C(C(=O)O)=C(COC(C)=O)CSC12)c1ccco1;0
CON=C(C(=O)NC1C(=O)N2C(C(=O)OC(C)OC(C)=O)=C(COC(N)=O)CSC12)c1ccco1;0
COCCCC(=O)OC(C)OC(=O)C1=C(COC(N)=O)CSC2C(=NC(=O)C(NOC)c3ccco3)C(=O)N12;0
CON=C(C(=O)NC1C(=O)N2C(C(=O)O)=C(CSc3cnns3)CSC12)c1csc(N)n1;0
CC(=O)OCC1=C(C(=O)O)N2C(=O)C(NC(=O)CC#N)C2SC1;0
CC(=O)OCC1=C(C(=O)O)N2C(=O)C(NC(=O)C(N)c3ccccc3)C2SC1;0
CC(=O)OCC1=C(C(=O)O)N2C(=O)C(NC(=O)CCCC(N)C(=O)O)C2SC1;0
CC(=O)OCC1=C(C(=O)O)N2C(=O)C(NC(=O)Cc3cccs3)C2SC1;0
CC(=O)C1C(=O)C(N)C2Cc3c(c(O)c4c(O)c(C)ccc4c3C)C(=O)[C@]2(O)C1=O;0
CC[C@H]1OC(=O)C(C)[C@@H](O[C@H]2C[C@@](C)(OC)[C@@H](O)[C@H](C)O2)[C@H](C)[C@@H](O[C@@H]2O[C@H](C)C[C@H](N(C)C)[C@H]2O)[C@](C)(OC)CC(C)C(=O)C(C)[C@@H](O)[C@]1(C)O;0
CCC[C@@H]1CC(C(=O)NC(C(C)Cl)[C@H]2O[C@H](SC)[C@H](O)[C@@H](O)[C@H]2O)N(C)C1;0
CCC[C@@H]1CC(C(=O)NC(C(C)Cl)[C@H]2O[C@H](SC)[C@H](OP(=O)(O)O)[C@@H](O)[C@H]2O)N(C)C1;0
COC(C(=O)NC1C(=O)N2C1SC(C)(C)C2C(=O)O)c1ccc(Cl)c(Cl)c1;0
CN(C)C1C(=O)C(C(=O)NCO)C(=O)[C@@]2(O)C(=O)C3C(=O)c4c(O)ccc(Cl)c4[C@@](C)(O)[C@H]3C[C@@H]12;0
CC1(C)SC2C(NC(=O)C3(N)CCCCC3)C(=O)N2C1C(=O)O;0
CC=CCC(C)C(O)C1C(=O)NC(CC)C(=O)N(C)CC(=O)N(C)C(CC(C)C)C(=O)NC(C(C)C)C(=O)N(C)C(CC(C)C)C(=O)NC(C)C(=O)NC(C)C(=O)N(C)C(CC(C)C)C(=O)N(C)C(CC(C)C)C(=O)N(C)C(C(C)C)C(=O)N1C;0
Cc1ccc(C(=O)NC2C(=O)NC(C(C)C)C(=O)N3CCCC3C(=O)N(C)CC(=O)N(C)C(C(C)C)C(=O)OC2C)c2c1Oc1c(C)c(O)c(N)c(=C(O)N=C3C(=O)NC(C(C)C)C(=O)N4CCCC4C(=O)N(C)CC(=O)N(C)C(C(C)C)C(=O)OC3C)c1=N2;0
CN(C)C1C(=O)C(C(N)=O)C(=O)[C@@]2(O)C(=O)C3C(=O)c4c(O)cccc4[C@@H](O)[C@H]3C[C@@H]12;0
CCOC(OCC)C(=O)OCC(=O)C1(O)C=C2C(=O)c3c(c(O)c4c(OC)cccc4c3O)C(=O)C2C(OC2CC(N)C(O)C(C)O2)C1;0
NCC1CCC(N)C(OC2C(N)CC(N)C(OC3OC(CO)C(O)C(N)C3O)C2O)O1;0
Cc1onc(-c2c(Cl)cccc2Cl)c1C(=O)NC1C(=O)N2C1SC(C)(C)C2C(=O)O;0
CN[C@@H]1[C@H](O[C@H]2[C@H](O[C@@H]3[C@@H](O)[C@H](O)[C@@H](N=C(N)N)[C@H](O)[C@H]3N=C(N)N)O[C@@H](C)[C@]2(O)CO)O[C@@H](CO)[C@H](O)[C@H]1O;0
COc1ccc(-c2cc(=O)c3c(O)cc(O[C@@H]4O[C@H](CO[C@@H]5O[C@@H](C)[C@H](O)[C@@H](O)[C@H]5O)[C@@H](O)[C@H](O)[C@H]4O)cc3o2)cc1O;0
CNCC(O)c1ccc(OC(=O)C(C)(C)C)c(OC(=O)C(C)(C)C)c1;0
CCC(=O)O[C@@H]1C(C)C(=O)[C@]2(CO2)CC(C)[C@H](O[C@@H]2O[C@H](C)C[C@H](N(C)C)[C@H]2O)[C@@H](C)[C@H](O[C@H]2C[C@H](OC)[C@@H](OC(=O)CC)[C@H](C)O2)C(C)C(=O)O[C@H](C)[C@@H]1C;0
OCCN(CCO)c1nc(N2CCCCC2)c2nc(N(CCO)CCO)nc(N3CCCCC3)c2n1;0
CC[C@H]1OC(=O)C(C)[C@@H](O[C@H]2C[C@@](C)(OC)[C@@H](O)[C@H](C)O2)[C@H](C)[C@@H](O[C@@H]2O[C@H](C)C[C@H](N(C)C)[C@H]2O)[C@](C)(O)C[C@@H](C)[C@@H]2N[C@@H](COCCOC)O[C@H]([C@H]2C)[C@]1(C)O;0
CC(=O)O[C@@]12CO[C@@H]1C[C@H](O)[C@@]1(C)C(=O)C(=O)C3C(C)[C@@H](OC(=O)C(O)C(NC(=O)OC(C)(C)C)c4ccccc4)C[C@@](O)([C@@H](OC(=O)c4ccccc4)[C@@H]12)C3(C)C;0
C/C=C/C=C/C1OC(O)(C(CC)C(=O)NC/C=C/C=C(\C)C(OC)C(C)C2OC(/C=C/C=C/C=C(\C)C(=O)c3c(O)ccn(C)c3=O)C(O)C2O)C(O)C(OC2OC(C)C(OC3OC(C)C(OC)C(O)C3OC)C(OC)C2O)C1(C)C;0
CC[C@H]1CN2CCc3cc(OC)c(OC)cc3[C@@H]2C[C@@H]1C[C@H]1NCCc2cc(OC)c(OC)cc21;0
CC1(C)SC2C(NC(=O)C(N)C3=CCC=CC3)C(=O)N2C1C(=O)O;0
CCC(C)[C@H]1O[C@]2(CC[C@@H]1C)CC1C[C@@H](C/C=C(\C)[C@@H](O[C@H]3C[C@H](OC)[C@@H](OC4C[C@H](OC)[C@@H](O)[C@H](C)O4)[C@H](C)O3)[C@@H](C)/C=C/C=C3\CO[C@@H]4[C@H](O)C(C)=CC(C(=O)O1)[C@]34O)O2;0
COc1cccc2c(O)c3c(c(O)c12)C(=O)C1=C(C[C@](O)(C(=O)CO)C[C@H]1OC1CC(N)CC(C)O1)C3=O;0
CN(CCN(C)CNC(=O)C1C(=O)C(N(C)C)[C@@H]2C[C@H]3C(C(=O)c4c(O)cccc4[C@@]3(C)O)C(=O)[C@]2(O)C1=O)CNC(=O)C1C(=O)C(N(C)C)[C@@H]2C[C@H]3C(C(=O)c4c(O)cccc4[C@@]3(C)O)C(=O)[C@]2(O)C1=O;0
CCNCC(O)c1cccc(O)c1;0
CCOC(=O)C1=C(C)N=C(C)C(C(=O)OC)C1c1cccc(Cl)c1Cl;0
CC1(C)SC2C(NC(=O)C(Oc3ccccc3)c3ccccc3)C(=O)N2C1C(=O)O;0
CC(C)c1ccccc1OCC1=NCCN1;0
CC(C)(C(=O)O)c1ccc(C(O)CCCN2CCC(C(O)(c3ccccc3)c3ccccc3)CC2)cc1;0
CC(C)(Oc1ccc(Cl)cc1)C(=O)NC(C(=O)NC1C(=O)N2C1SC(C)(C)C2C(=O)O)c1ccccc1;0
CO[C@@]1(NC(=O)CSC(F)(F)F)C(=O)N2C(C(=O)O)=C(CSc3nnnn3CCO)CO[C@@H]21;0
CC[C@H]1OC(=O)C(C)[C@@H](O[C@H]2C[C@@](C)(OC)[C@@H](O)[C@H](C)O2)[C@H](C)[C@@H](O[C@@H]2O[C@H](C)C[C@H](N(C)C)[C@H]2O)[C@](C)(O)C[C@](C)(F)C(=O)C(C)[C@@H](O)[C@]1(C)O;0
C[C@@H](O)C1C(=O)N2C(C(=O)O)=C([C@H]3CCCO3)S[C@H]12;0
CC1(C)SC2C(NC(=O)C(N=Cc3ccco3)c3ccc(O)cc3)C(=O)N2C1C(=O)O;0
CC(C)CC(OC(=O)c1ccco1)C(=O)NC1C(=O)N2C1SC(C)(C)C2C(=O)O;0
CC(=O)O[C@H]1C[C@@]2(C)[C@@H](C[C@@H](O)[C@H]3[C@@]4(C)CC[C@@H](O)[C@@H](C)[C@@H]4CC[C@@]32C)/C1=C(\CCC=C(C)C)C(=O)O;0
CNC(C)C1CCC(N)C(OC2C(N)CC(N)C(OC3OCC(C)(O)C(NC)C3O)C2O)O1;0
CON=C(C(=O)NC1C(=O)N(OCC(=O)OCC(=O)OC(C)(C)C)C1C)c1csc(N)n1;0
CC(C)CC1NC(=O)C(CCCN)NC(=O)C(C(C)C)NC(=O)C2CCCN2C(=O)C(Cc2ccccc2)NC(=O)C(CC(C)C)NC(=O)C(CCCN)NC(=O)C(C(C)C)NC(=O)C2CCCN2C(=O)C(Cc2ccccc2)NC1=O;0
Cc1c(F)c(N2CCNC(C)C2)cc2c1c(=O)c(C(=O)O)cn2C1CC1;0
CN(C)C1C(=O)C(C(=O)NCN2CCN(C(N)=NC(=N)N)CC2)C(=O)C2(O)C(=O)C3C(=O)c4c(O)cccc4C(C)(O)C3CC12;0
CC1(C)S[C@@H]2C(N3C(=O)C(c4ccccc4)NC3(C)C)C(=O)N2C1C(=O)O;0
CC(Cc1ccccc1)NO;0
CNC(C)C(O)c1ccc(O)cc1;0
Cc1cc(=O)oc2cc(O)ccc12;0
CC(=O)[C@]1(O)C=C2C(=O)c3c(c(O)c4ccccc4c3O)C(=O)C2[C@@H](O[C@H]2C[C@H](N)[C@H](O)[C@H](C)O2)C1;0
C[C@H](O)C1C(=O)N2C(C(=O)O)=C(SCCN=CN)C[C@H]12;0
CNC1C(O)C(OC2C(NC(=O)C(O)CN)CC(N)C(OC3OC(CN)C(O)C(O)C3O)C2O)OCC1(C)O;0
CC(C)(Oc1ccccc1)C(=O)NC1C(=O)N2C1SC(C)(C)C2C(=O)O;0
CO[C@@H]1[C@@H](O[C@@H]2O[C@H](C)[C@@H](O[C@H]3C[C@@](C)(O)[C@@H](OC(=O)CC(C)C)[C@H](C)O3)[C@H](N(C)C)[C@H]2O)[C@@H](CC=O)C[C@@H](C)[C@@H](O)/C=C/C=C/C[C@@H](C)OC(=O)C[C@H]1OC(C)=O;0
Cc1oc(=O)oc1COC(=O)C1N2C(=O)C(NC(=O)C(N)c3ccccc3)C2SC1(C)C;0
CNCC[C@@H](O)[C@@H]1C[C@H](SC2=C(C(=O)O)N3C(=O)C([C@@H](C)O)[C@H]3[C@H]2C)CN1;0
COc1cccc2c(O)c3c(c(O)c12)C(=O)C1=C(C[C@@](O)(C(=O)CO)C[C@@H]1O[C@H]1C[C@H](NC(=O)C(N)CC(C)C)[C@H](O)[C@H](C)O1)C3=O;0
CC[C@H]1OC(=O)C(C)[C@@H](OC2CC(C)(OC)C(O)C(C)O2)C(C)[C@@H](OC2OC(C)CC(N(C)C)C2O)[C@](C)(O)CC(C)C(=NOC)C(C)[C@@H](O)[C@]1(C)O;0
CCCC1CC(C(=O)NC(C(C)O)C2OC(SC)C(O)C(O)C2O)N(C)C1;0
NC(C(=O)NC1C(=O)N2C(C(=O)O)=C(Cl)CCC12)c1ccccc1;0
CCCCc1nc(Cl)c(CO)n1Cc1ccc(-c2ccccc2-c2n[nH]nn2)cc1;0
CC1(C)S[C@@H]2C(N=CN3CCCCCC3)C(=O)N2C1C(=O)O;0
CC(CN(C)C)OC(C)(c1ccccc1)c1ccc(Cl)cc1;0
CC1OC(OC2CC(O)(C(=O)CO)C=C3C(=O)c4c(c(O)c5ccccc5c4O)C(=O)C32)CC(N)C1O;0
C[C@H](O)C1C(=O)N2C(C(=O)O)=C(S[C@@H]3CNC(C(=O)N(C)C)C3)[C@H](C)C12;0
C=NC(C(=O)NC1C(=O)N2C1SC(C)(C)C2C(=O)O)c1ccccc1;0
C=C1c2cccc(O)c2C(=O)C2C(=O)[C@]3(O)C(=O)C(C(N)=O)C(=O)C(N(C)C)[C@@H]3[C@@H](O)[C@H]12;0
CNC(C)C(=O)c1ccc(OC)cc1;0
COc1cccc(OC)c1C(=O)NC1C(=O)N2C1SC(C)(C)C2C(=O)O;0
CC1(C)SC2C(NC(=O)C(NC(=O)N3CCN(S(C)(=O)=O)C3=O)c3ccccc3)C(=O)N2C1C(=O)O;0
COCC(=O)O[C@]1(CCN(C)CCCc2nc3ccccc3[nH]2)CCc2cc(F)ccc2[C@@H]1C(C)C;0
CCC(=O)OC1CC(=O)OC(C)C/C=C/C=C\C(O)C(C)CC(CC=O)C(O[C@@H]2O[C@H](C)[C@@H](O[C@H]3C[C@@](C)(O)[C@H](OC(=O)CC)[C@@H](C)O3)[C@H](N(C)C)[C@H]2O)C1OC;0
CCC1NC(=O)C(NC(=O)c2ncccc2O)C(C)OC(=O)C(c2ccccc2)NC(=O)C2CC(=O)CCN2C(=O)C(Cc2ccc(N(C)C)cc2)N(C)C(=O)C2CCCN2C1=O;0
CCCCCC1CNC(C(=O)NC(C(C)Cl)C2OC(SC)C(O)C(O)C2O)C1;0
C=c1c(N)c(O)c2c(c1O)N1C[C@@H]3N[C@@H]3[C@]1(OC)C=2COC(N)=O;0
CO[C@@]1(NC(=O)C(C(=O)O)c2ccc(O)cc2)C(=O)N2C(C(=O)O)=C(CSc3nnnn3C)CO[C@@H]21;0
NC[C@H]1O[C@H](O[C@@H]2[C@@H](N)C[C@@H](N)[C@H](O)[C@H]2O)[C@H](N)[C@@H](O)[C@@H]1O;0
CCN[C@@H]1C[C@H](N)[C@@H](O[C@H]2OC(CN)=CC[C@H]2N)[C@H](O)[C@H]1O[C@H]1OC[C@](C)(O)[C@H](NC)[C@H]1O;0
COC(=O)C1=C(C)N=C(C)C(C(=O)OCCN(C)Cc2ccccc2)C1c1cccc([N+](=O)[O-])c1;0
COC(=O)C1=C(C)N=C(C)C(C(=O)OC)C1c1ccccc1[N+](=O)[O-];0
CCOC(=O)C1=C(C)N=C(C)C(C(=O)OC)C1c1cccc([N+](=O)[O-])c1;0
CN(C)C1C(=O)C(C(N)=O)C(=O)[C@@]2(O)C(=O)C3C(=O)c4c(O)ccc([N+](=O)[O-])c4C[C@H]3C[C@@H]12;0
CO[C@@H]1[C@@H](OC(N)=O)[C@@H](O)[C@H](Oc2ccc3c(O)c(NC(=O)c4ccc(O)c(CC=C(C)C)c4)c(=O)oc3c2C)OC1(C)C;0
COC1CC(O[C@@H]2C(C)C(=O)O[C@H](C)[C@H](C)[C@H](O)C(C)C(=O)[C@@]3(CO3)C[C@H](C)[C@H](OC3OC(C)CC(N(C)C)C3O)[C@H]2C)OC(C)C1O;0
CC1(C)S[C@@H]2C(N3C(=O)C(c4ccc(O)cc4)NC3(C)C)C(=O)N2C1C(=O)O;0
CON=C(C(=O)NC1C(=O)N(OCC(=O)O)C1C)c1csc(N)n1;0
CC(=O)OC1=C2C(C)[C@@H](OC(=O)C(O)C(NC(=O)c3ccccc3)c3ccccc3)C[C@@](O)([C@@H](OC(=O)c3ccccc3)C3[C@](C)(C1=O)[C@@H](O)C[C@H]1OC[C@@]31OC(C)=O)C2(C)C;0
CN(C)C1C(=O)C(C(=O)NCN2CCCC(C(=O)O)C2)C(=O)[C@@]2(O)C(=O)C3C(=O)c4c(O)cccc4[C@@](C)(O)[C@H]3C[C@@H]12;0
CC(=O)OCOC(=O)C1N2C(=O)C(NC(=O)Cc3ccccc3)C2SC1(C)C;0
CN(C)C1C(=O)C(C(=O)NCNC(C(=O)NC2C(=O)N3C2SC(C)(C)C3C(=O)O)c2ccccc2)C(=O)[C@@]2(O)C(=O)C3C(=O)c4c(O)cccc4[C@@](C)(O)[C@H]3C[C@@H]12;0
CC(Oc1ccccc1)C(=O)NC1C(=O)N2C1SC(C)(C)C2C(=O)O;0
CN(C)C1C(=O)C(C(=O)NCN2CCN(CCO)CC2)C(=O)C2(O)C(=O)C3C(=O)c4c(O)cccc4C(C)(O)C3CC12;0
COc1cccc2c(O)c3c(c(O)c12)C(=O)C1=C(C[C@@](O)(C(=O)CO)C[C@@H]1O[C@H]1C[C@H](N)[C@H](O[C@H]2CCCCO2)[C@H](C)O1)C3=O;0
CC1(C)SC2C(N(C(=N)c3ccncc3)C(C(=O)NC(=O)CN)c3ccccc3)C(=O)N2C1C(=O)O;0
CC1(C)SC2C(NC(=O)C(NC(=O)c3ccc(-c4ccc(S(=O)(=O)N(CCO)CCO)cc4)[nH]c3=O)c3ccc(O)cc3)C(=O)N2C1C(=O)O;0
CC1(C)SC2C(NC(=O)C(NC(=O)Nc3c[nH]c(Nc4ccc(S(N)(=O)=O)cc4)nc3=O)c3ccc(O)cc3)C(=O)N2C1C(=O)O;0
CC(C)(C)C(=O)OCOC(=O)C1N2C(=O)C(NC(=O)C(N)c3ccccc3)C2SC1(C)C;0
CNCC(O)c1cccc(OC(=O)C(C)(C)C)c1;0
Cc1c(C(=O)NC2C(=O)N3C2SC(C)(C)C3C(=O)O)n(-c2c(Cl)cccc2Cl)nc1;0
CC1NC(=O)C(NC(=O)c2ncccc2O)C(C)OC(=O)C(c2ccccc2)NC(=O)C2CC(=O)CCN2C(=O)C(Cc2ccc(N(C)C)cc2)N(C)C(=O)C2CCCN2C1=O;0
CCCNCC(O)COc1ccccc1C(=O)CCc1ccccc1;0
CCC(Oc1ccccc1)C(=O)NC1C(=O)N2C1SC(C)(C)C2C(=O)O;0
NCC1OC(OC2C(N)CC(NC(CO)CO)C(OC3OC(CO)C(O)C(N)C3O)C2O)C(N)C(O)C1O;0
CC1(C)SC2C(NC(=O)c3nc4ccccc4nc3C(=O)O)C(=O)N2C1C(=O)O;0
CO[C@H]1/C=C/O[C@@]2(C)Oc3c(C)c(O)c4c(O)c(c5c(c4c3C2=O)=NC2(CCN(CC(C)C)CC2)N=5)NC(=O)C(C)=CC=CC(C)[C@H](O)[C@@H](C)[C@@H](O)[C@@H](C)[C@H](OC(C)=O)[C@@H]1C;0
CCN(CC)C(C)=NN=Cc1c(O)c2c3C(=O)C4(C)OC=CC(OC)C(C)C(OC(C)=O)C(C)C(O)C(C)C(O)C(C)C=CC=C(C)C(=O)Nc1c(O)c2c(O)c(C)c3O4;0
CCN(CC)c1nc2c(s1)c1c(O)c3c(O)c(C)c4c(c32)C(=O)[C@@](C)(O/C=C/[C@H](OC)[C@@H](C)[C@@H](OC(C)=O)[C@H](C)[C@H](O)[C@H](C)[C@@H](O)C(C)=CC=CC(C)C(=O)N1)O4;0
CCN(CC)C(=O)COc1cc2c(O)c3c(O)c(C)c4O[C@](C)(O/C=C/[C@H](OC)[C@@H](C)[C@@H](OC(C)=O)[C@H](C)[C@H](O)[C@H](C)[C@@H](O)C(C)C=CC=C(C)C(=O)N2)C(=O)c4c13;0
COC1C=COC2(C)Oc3c(C)c(O)c4c(O)c(NC(=O)C(C)=CC=CC(C)C(O)C(C)C(O)C(C)C(OC(C)=O)C1C)c(C=NN1CCN(C)CC1)c(O)c4c3C2=O;0
CO[C@H]1/C=C/O[C@@]2(C)Oc3c(C)c(O)c4c(O)c(cc(O)c4c3C2=O)NC(=O)C(C)=CC=CC(C)[C@H](O)[C@@H](C)[C@@H](O)[C@@H](C)[C@H](OC(C)=O)[C@@H]1C;0
CO[C@H]1/C=C/O[C@@]2(C)Oc3c(C)c(O)c4c(O)c(c(C=NN5CCN(C6CCCC6)CC5)c(O)c4c3C2=O)NC(=O)C(C)=CC=CC(C)[C@H](O)[C@@H](C)[C@@H](O)[C@@H](C)[C@H](OC(C)=O)[C@@H]1C;0
CO[C@H]1/C=C/O[C@@]2(C)Oc3c(C)c(O)c4c(O)c(NC(=O)C(C)=CC=CC(C)[C@H](O)[C@@H](C)[C@@H](O)[C@@H](C)[C@H](OC(C)=O)[C@@H]1C)c1c(nc5cc(C)ccn51)c4c3C2=O;0
C[C@@H](O)C1C(=O)N2C(C(=O)O)=C(COC(N)=O)S[C@H]12;0
CC[C@@]1(O)C[C@H](O[C@H]2C[C@H](N(C)C)[C@H](O[C@H]3C[C@@H]4O[C@H]5CC(=O)C(C)O[C@H]5O[C@@H]4[C@H](C)O3)[C@H](C)O2)C2=C(C(=O)c3c(c(O)c4c(O)cccc4c3O)C2=O)[C@H]1O[C@H]1C[C@H](N(C)C)[C@H](O)[C@H](C)O1;0
CC1(C)SC2C(NC(=O)C(NC(=O)Cc3ccc(C4=NCCCN4)cc3)c3ccccc3)C(=O)N2C1C(=O)O;0
CC[C@H]1OC(=O)C(C)[C@@H](O[C@H]2C[C@@](C)(OC)[C@@H](O)[C@H](C)O2)[C@H](C)[C@@H](O[C@@H]2O[C@H](C)C[C@H](N(C)C)[C@H]2O)[C@](C)(O)CC(C)C(=NOCOCCOC)C(C)[C@@H](O)[C@]1(C)O;0
COC1CCCC2C1=C(C(=O)O)N1C(=O)C(C(C)O)C21;0
COCOC(=O)C1N2C(=O)C(N3C(=O)C(c4ccc(O)cc4)NC3(C)C)C2SC1(C)C;0
COCOC(=O)C1N2C(=O)C(N3C(=O)C(c4ccccc4)NC3(C)C)[C@H]2SC1(C)C;0
CC(=O)OC1/C=C/C(C)=C/CC(O)/C=C/C(C)=C/C(NC(=O)C(C)=O)C2(C)C(=O)OC(C1)C(C)C2=O;0
CN[C@@H]1[C@@H](O)[C@@H](O[C@@H]2[C@@H](O)[C@H](O[C@H]3OC(CN)=CC[C@H]3N)[C@@H](N)C[C@H]2N)OC[C@]1(C)O;0
COC1C(O)CC(=O)OC(C)C/C=C/C=C/C(OC2CCC(N(C)C)C(C)O2)C(C)CC(CC=O)C1OC1OC(C)C(OC2CC(C)(O)C(O)C(C)O2)C(N(C)C)C1O;0
CC1(C)SC2C(NC(=O)C(c3ccccc3)S(=O)(=O)O)C(=O)N2C1C(=O)O;0
C[C@@H](O)C1C(=O)N2C(C(=O)O)=C(SC3CC[S+]([O-])C3)S[C@H]12;0
CC1(C)SC2C(NC(=O)C(NS(=O)(=O)O)c3ccccc3)C(=O)N2C1C(=O)O;0
C=CCC1=CC(C)C[C@H](C)C[C@H](OC)[C@H]2O[C@@](O)(C(=O)C(=O)N3CCCCC3C(=O)O[C@H](/C(C)=C/[C@@H]3CC[C@@H](O)[C@H](OC)C3)[C@H](C)[C@@H](O)CC1=O)[C@H](C)C[C@@H]2OC;0
CC1(C)SC2C(NC(=O)C(N)c3ccccc3)C(=O)N2C1C(=O)OC1OC(=O)c2ccccc21;0
C[C@]1(Cn2ccnn2)C(C(=O)O)N2C(=O)C[C@H]2S1(=O)=O;0
CCCCCCCCCC(=O)N[C@H]1[C@H](Oc2c3cc4cc2Oc2ccc(cc2Cl)CC2NC(=O)C(N)c5ccc(O)c(c5)Oc5cc(O)cc(c5)C(NC2=O)C(=O)NC4C(=O)NC2C(=O)NC(C(=O)NC(C(=O)O)c4cc(O)cc(O[C@H]5O[C@H](CO)[C@@H](O)[C@H](O)[C@@H]5O)c4-c4cc2ccc4O)[C@H](O[C@@H]2O[C@H](CO)[C@@H](O)[C@H](O)[C@H]2NC(C)=O)c2ccc(O3)c(Cl)c2)O[C@H](CO)[C@@H](O)[C@@H]1O;0
CO[C@@]1(NC(=O)C(C(=O)O)c2ccsc2)C(=O)N2C(C(=O)O)C(C)(C)S[C@@H]21;0
Cn1c(=O)c2c(ncn2CCNCC(O)c2ccc(O)c(O)c2)n(C)c1=O;0
CC1(C)SC2C(NC(=O)CSc3ccccc3)C(=O)N2C1C(=O)O;0
CC1(C)C(=NC(=O)C(NOCC(=O)O)c2csc(N)n2)C(=O)N1OS(=O)(=O)O;0
CC(C)C(=O)OCc1cccc(OC(=O)C2N3C(=O)C(NC(=O)Cc4ccccc4)C3SC2(C)C)c1;0
NC[C@H]1O[C@H](O[C@@H]2[C@@H](N)C[C@@H](N)[C@H](O[C@H]3O[C@H](CO)[C@@H](O)[C@H](N)[C@H]3O)[C@H]2O)[C@H](N)C[C@@H]1O;0
Cc1ccc(C(=O)c2cc(O)c(O)c([N+](=O)[O-])c2)cc1;0
CO[C@H]1C[C@H](O[C@@H]2C(C)C(=O)O[C@H](C)[C@H](C)[C@H](OC(C)=O)C(C)C(=O)[C@]3(CO3)C[C@H](C)[C@H](O[C@@H]3O[C@H](C)C[C@H](N(C)C)[C@H]3OC(C)=O)[C@H]2C)O[C@@H](C)[C@@H]1OC(C)=O;0
CCCC[C@@H]1CC(=O)[C@]2(O)O[C@@H]3[C@@H](NC)[C@@H](O)[C@@H](NC)[C@H](O)[C@H]3O[C@@H]2O1;0
Cc1ccc(C(C)C)c(OCC2=NCCN2)c1;0
CC[C@]1(O)C[C@H]2CN(CCc3c([nH]c4ccccc34)[C@@](C(=O)OC)(c3cc4c(cc3OC)N(C)[C@H]3[C@@](O)(C(N)=O)[C@H](O)[C@]5(CC)C=CCN6CC[C@]43[C@@H]65)C2)C1;0
CC1=C/C(O)CC(=O)Cc2nc(co2)C(=O)N2CCC=C2C(=O)OC(C(C)C)C(C)/C=C\C(O)=NC/C=C\1;0
[C-]#[N+]C(=C\c1ccc(O)cc1)/C(=C/c1ccc(O)cc1)[N+]#[C-];0
COc1cccc2c(O)c3c(c(O)c12)C(=O)C1=C(C[C@@](O)(C(C)=NNC(=O)c2ccccc2)C[C@@H]1O[C@H]1C[C@H](N)[C@H](O)[C@H](C)O1)C3=O;0
FC(F)(Cl)C(F)(F)Cl;1
C[C@H]1CCCC[C@@]1(c1cccs1)N1CCCCC1;1
CC(Cc1ccccc1)NCCn1cnc2c1c(=O)n(C)c(=O)n2C;1
CC(=O)NCCCN1CCN(c2c(Cl)ccc(Cl)c2)CC1;1
CC(=O)OC1CC[C@@]2(C)C([C@@H]1Br)[C@H](Br)C[C@@H]1[C@@H]2CC[C@@]2(C)[C@H]1CC[C@@H]2[C@H](C)CCCC(C)C;1
CCC(Br)(CC)C(=O)NC(=O)NC(C)=O;1
CC(=O)OCC(=O)OCC/C(SC(=O)c1ccco1)=C(/C)N(C=O)Cc1c[nH]c(C)nc1=N;1
CC(=O)NC(CCC(N)=O)C(=O)O;1
CC(=O)NCC1(c2ccccc2)CCN(CCCC(=O)c2ccc(F)cc2)CC1;1
CC(=O)Nc1ccc(OC(=O)c2ccccc2O)cc1;1
CC(=O)OCC/C(SC(C)=O)=C(/C)N(C=O)Cc1c(N)nc(C)nc1;1
CC(=O)SCC(Cc1ccccc1)C(=O)NCC(=O)OCc1ccccc1;1
CCC[C@@](C)(O)[C@H]1CC23C=CC1(OC)[C@H]1Oc4c(OC(C)=O)ccc5c4C12CCN(C)C3C5;1
CCC(OC(C)=O)C(CC(C)N(C)C)(c1ccccc1)c1ccccc1;1
CC(=O)OCC1=CO[C@@H](OC(=O)CC(C)C)[C@H]2C1=C[C@H](OC(=O)CC(C)(C)OC(C)=O)[C@]21CO1;1
C=CC1O[C@@H]2CC3C4CC=C5CC(=O)C=CC5(C)C4(F)C(O)CC3(C)[C@]2(C(=O)CO)O1;1
O=C(COc1ccc(Cl)cc1)OCCNC12CC3CC(CC(C3)C1)C2;1
O=C(NCCN1CCN(c2ncccn2)CC1)C12CC3CC(CC(C3)C1)C2;1
CC(N)C(=O)OC(C)(C)Cc1ccc(Cl)cc1;1
CCC(=O)OCC(=O)[C@@]1(OC(=O)CC)[C@H](C)C[C@H]2[C@H]3[C@H]([C@@H](O)C[C@@]21C)[C@@]1(C)C=CC(=O)C=C1C[C@H]3Cl;1
CCCN(CCC)C1Cc2cccc3c2c(cc(O)c3)C1;1
CC12CC[C@@H](O)C[C@@H]1CCC1C2C(=O)CC2(C)C(C(=O)CO)CC[C@@H]12;1
CC(=O)C1CC[C@H]2[C@@H]3CC[C@H]4C[C@H](O)CC[C@]4(C)C3C(=O)C[C@]12C;1
CC(=O)C12OC(C)(C)OC1CC1C3CC=C4CC(=O)CCC4(C)C3CCC12C;1
COC1(F)C(F)(F)C1(F)Cl;1
C=CCN1CCC23c4c5ccc(O)c4OC2C2(OC)C=CC3(CC2[C@](C)(O)CCC)C1C5;1
C=CCn1c(O)c(C)oc1=O;1
CNC[C@@H]1CN(c2ccc(OCc3cccc(Cl)c3)cc2)C(=O)O1;1
CCCN(CCCCN1C(=O)CC2(CCCC2)CC1=O)C1COc2cccc(OC)c2C1;1
O=C1CCC2(CCC(=O)c3c2cccc3)C(=O)N1;1
CC(=O)NCCn1c(C)cc(C=O)c1C;1
CC(CC#N)N(C)CC(=O)N(C)c1ccc(Cl)cc1C(=O)c1c(F)cccc1;1
CCC(=O)O[C@]1(c2ccccc2)CCN(C)C[C@@H]1CC;1
CC[C@@H](O)C(C[C@@H](C)N(C)C)(c1ccccc1)c1ccccc1;1
C=CCN1CCCC1CNC(=O)c1cc(S(=O)(=O)NC)c(N)cc1OC;1
O=C(O)CN1C(=O)c2cccc3cccc(c23)C1=O;1
CCC1(CC)O[C@@H]2C[C@H]3C4CC=C5CC(=O)C=CC5(C)[C@@]4(F)[C@@H](O)CC3(C)[C@]2(C(=O)CO)O1;1
CC12C[C@H](O)[C@@]3(F)C(CC=C4CC(=O)C=CC43C)[C@@H]1C[C@H]1O[C@@](C)(c3ccccc3)O[C@]12C(=O)CO;1
CC(=O)OCC(=O)[C@@]12OC3(CCCC3)O[C@@H]1C[C@H]1[C@@H]3CC=C4CC(=O)C=C[C@]4(C)[C@@]3(F)[C@@H](O)C[C@@]12C;1
CCC(=O)O[C@]1(C(=O)COC)[C@@H](C)C[C@H]2[C@@H]3CC=C4CC(=O)C=C[C@]4(C)[C@@]3(F)[C@@H](O)C[C@@]21C;1
Cc1c(NC(=O)c2ccc(N)cc2)c(C)ccc1;1
CC(C)n1cc2CC3C(CC(C(=O)NC4CCCCC4)CN3C)c3c2c1ccc3;1
CC(Cc1ccccc1)NC(C#N)c1ccccc1;1
O=C(O)CCCCCCNC1c2ccccc2CCc2ccccc21;1
CCN1CCCC1CNC(=O)c1c(OC)cc(N)c(S(=O)(=O)CC)c1;1
C[N+](C)([O-])CCC=C1c2c(cccc2)CCc2c1cccc2;1
CC(C)CCOC(CN1CCCC1)c1ccccc1;1
CCNC(=O)N1CCN(CCCC(c2ccc(F)cc2)c2ccc(F)cc2)CC1;1
Nc1cc(-n2ccccc2=O)ccc1;1
CN(C)c1cnccn1;1
CCC(C)(C)O;1
CCOC(=O)C1(c2ccccc2)CCN(CCc2ccc(N)cc2)CC1;1
COc1ccc(C(=O)N2CCCC2=O)cc1;1
COc1cc2c(cc1OCCCN1CCN(c3ccccc3OC)CC1)c(C)c(C)c(=O)o2;1
CCCNC(=O)c1cc2c(cc1)Sc1c(cccc1)N2[C@H](C)CN1CCCC1;1
C=CCC1(C(C)C)C(=O)NC(=O)NC1=O;1
O=C1CCc2ccc(OCCCCN3CCN(c4cccc(Cl)c4Cl)CC3)cc2N1;1
OCC(O)c1oc(O)c(O)c1O;1
CC(=O)Oc1c(C(=O)O)cccc1;1
CCN(CC)c1cc(C)c(NC(=O)c2c(N)cccc2)cc1;1
CN1C2CCC1CC(OC(=O)C(C)(CO)c1ccccc1)C2;1
C[N+]1([O-])C2CCC1CC(OC(=O)C(CO)c1ccccc1)C2;1
CN(C(=O)CNC(=O)C(N)CCCCN)c1ccc(Cl)cc1C(=O)c1ccccc1;1
O=c1[nH]c2c(ccc(Cl)c2)n1C1CCN(CC2COc3c(cccc3)O2)CC1;1
Nc1ccc(S(=O)(=O)N2CC3CCC(CC3)C2)cc1;1
O=C(CCCN1CCN2CCCC2C1)c1ccc(F)cc1;1
OC(c1ccccc1)(c1ccccc1)C1CCNCC1;1
O=C1NCCN1C1CCN(CCC2COc3ccccc3O2)CC1;1
c1cc2c(cc1)C1CNCCN1CC2;1
c1cc2c(cc1)n1CCCNCc1c2;1
CN(CCc1cc2cccc3c2n1-c1ccccc1CC3)Cc1ccccc1;1
O=c1[nH]c2c(cccc2)c(=O)n1CCN1C[C@H]2C[C@H](c3ccc(F)cc3)[C@H]2C1;1
CCN(CCO)CCn1c(Cc2ccccc2)nc2c1c(=O)n(C)c(=O)n2C;1
CCC1(CC)C(=O)NC(=O)NC1=O;1
Cc1nn2C(N3CCN(C)CC3)=Nc3c(cccc3)Cc2n1;1
O=C(CCCl)NCc1ccccc1;1
C[C@H]1C[C@H]2[C@@H]3CC=C4CC(=O)C=C[C@]4(C)[C@@]3(Cl)[C@@H](O)C[C@]2(C)[C@@]1(O)C(=O)CO;1
COC[C@H]1CN(c2ccc(OCC[C@@H](O)C(F)(F)F)cc2)C(=O)O1;1
CCC1(C)CC(=O)NC(=O)C1;1
C/C(=C(\CCOP(=O)(O)O)SC(=O)c1ccccc1)N(C=O)Cc1cnc(C)nc1N;1
CC(=O)Nc1ccc(OC(=O)c2c(OC(C)=O)cccc2)cc1;1
O=C1CN=C(c2ccccc2)c2c(sc3c2CCCC3)N1;1
C/C(=C(\CCOC(=O)c1ccccc1)SC(=O)c1ccccc1)N(C=O)Cc1c(N)nc(C)nc1;1
C[N+](C)([O-])CC/C=C1/c2ccccc2C=Cc2c1cccc2Cl;1
c1ccc(Cn2cc(CCc3ccncc3)c3c2cccc3)cc1;1
OCc1ccccc1;1
CN1CCc2cc(Cl)c(O)cc2C(c2c3OCCc3cc(Br)c2)C1;1
CCOC(=O)C[C@@H](O)C[C@@H](O)/C=C/C1=C(c2ccc(F)cc2)c2c(cccc2)OC12CCCC2;1
C[C@H]1C[C@H]2[C@@H]3CC=C4CC(=O)C=C[C@]4(C)[C@@]3(F)[C@@H](O)C[C@]2(C)[C@@]1(OC(=O)c1ccccc1)C(=O)CO;1
CCCCC(=O)O[C@]1(C(=O)CO)[C@@H](C)C[C@H]2[C@@H]3CC=C4CC(=O)C=C[C@]4(C)[C@@]3(F)[C@@H](O)C[C@@]21C;1
O=C1CC2(CCCC2)CC(=O)N1CCNCC1COc2ccccc2O1;1
O=C(O)CCCCC1SCC2NC(=O)NC21;1
O=C1C[C@H]2SC(C3(O)CN4C(=O)C[C@H]4S3)CN12;1
O=C(CCCN1CCN2Cc3[nH]c4ccccc4c3CC2C1)c1ccc(F)cc1;1
C/C(=C(/CCOC(=O)c1ccccc1)SS/C(CCOC(=O)c1ccccc1)=C(\C)N(C=O)Cc1c(N)nc(C)nc1)N(C=O)Cc1c(N)nc(C)nc1;1
CC(=O)NCCCC(NC(C)=O)C(=O)O;1
CCN1CCN(c2nc3c(CCCCCC3)c(-c3ccc(F)cc3)c2)CC1;1
CC[C@]12CCN(CC3(O)CC3)[C@H](Cc3c1cc(O)cc3)C2(C)C;1
CC1(C)OC(=O)Nc2c1cc(Br)cc2;1
CC(C)C(Br)C(=O)NC(N)=O;1
BrC(Br)Br;1
Cc1c(O)c(C(N)=O)cc(Br)c1;1
Oc1cc(-c2cccc(Br)c2)c(O)[nH]1;1
Cc1nnc2CN=C(c3c(Cl)cccc3)c3c(sc(Br)c3)-n12;1
Nc1nc(=O)c2c([nH]1)n(CC[C@@H](O)CO)cn2;1
CC(=O)Nc1ccc(OC(C)(C)C)cc1;1
CC(C)(C)[C@]1(O)CCN2C[C@H]3c4ccccc4CCc4c3c(ccc4)[C@@H]2C1;1
CCCC(=O)c1cc2c(cc1)Sc1c(cccc1)N2CCCN1CCN(C)CC1;1
CCCCC(CC)CNC(=O)CC(C)O;1
Oc1cc2c(cc1)C[C@H]1N(CC3CCC3)CC[C@@]23CCCC[C@@]13O;1
C=CCN1CC(C(=O)N(CCCN(C)C)C(=O)NCC)C[C@@H]2c3cccc4[nH]cc(c34)C[C@H]21;1
CC(NCCn1cnc2c1c(=O)n(C)c(=O)n2C)C(O)c1ccccc1;1
CN(C)C(=O)OC1N=C(c2ccccc2)c2c(ccc(Cl)c2)N(C)C1=O;1
CC12CCC(CC1=O)C2(C)C;1
CCCCCC(=NOCCN)c1ccc(C)c(N)c1;1
CCCCSc1ccc(C(SCCN(C)C)c2ccccc2)cc1;1
CCCCC1(CCOC(N)=O)C(=O)NC(=O)NC1=O;1
CN1C(=O)CN(C(N)=O)C(c2ccccc2)c2c1ccc(Cl)c2;1
C#CC(OC(N)=O)c1ccccc1;1
O=C(O)C1CCN1C12CC3CC(CC(C3)C1)C2;1
NC(=O)CN1Cc2c(cccc2)OC1=O;1
CC(C)NC(=O)OC1CCN(CCCC(=O)c2ccc(F)cc2)CC1;1
CCC(=O)c1cc2c(cc1)Sc1c(cccc1)N2CCCN1CCN(CCO)CC1;1
NS(=O)(=O)c1ccc(C(=O)O)cc1;1
CC(N)C(=O)c1ccccc1;1
O=C1CN(C(=O)CN2CC(c3ccc(Cl)cc3)CC2=O)CCN1;1
OC1OC(COCCOC(O)C(Cl)(Cl)Cl)C(OC2OC(COCCOCCOC(O)C(Cl)(Cl)Cl)CC(OC(O)C(Cl)(Cl)Cl)C2O)C(OCCOCCOC(O)C(Cl)(Cl)Cl)C1O;1
COCc1c(-c2ccc(F)cc2)c(/C=C/[C@@H](O)C[C@@H](O)CC(=O)O)c(C(C)C)nc1C(C)C;1
Cc1cc(C)c(=O)[nH]n1;1
CC(=O)c1ccc(C(O)C(CO)NC(=O)C(Cl)Cl)cc1;1
CCOC(=O)OCC/C(SC(=O)OCC)=C(\C)N(C=O)Cc1cnc(C)nc1N;1
OC[C@@H](O)[C@H]1OC2O[C@H](C(Cl)(Cl)Cl)O[C@@H]2[C@H]1O;1
CC(CC(C)(C)O)OC(O)C(Cl)(Cl)Cl;1
CN1C(=O)CCS(=O)(=O)C1c1ccc(Cl)cc1;1
O=C(O)c1cc(=O)c2ccccc2o1;1
CC(C)C(=O)OCC(=O)[C@@]12O[C@H](C3CCCCC3)O[C@@H]1C[C@H]1[C@@H]3CC=C4CC(=O)C=C[C@]4(C)[C@H]3[C@@H](O)C[C@@]12C;1
Clc1ccccc1C1=NCc2nnc(C3CCCCC3)n2-c2c1cc(Br)s2;1
CC(=O)OCC(=O)[C@@]12OC(C)(C)O[C@@H]1C[C@H]1C3CC(C#N)=C4C=C(OCCCl)CCC4(C)[C@@]3(F)C(O)CC12C;1
CC(C)N[C@H]1C2CCC(CC2)[C@]1(O)c1cc(Cl)c(Cl)cc1;1
NNCC1CCCCC1;1
CC(C)C(O)C1CCCCC1;1
COCC1CN(c2ccc(OCc3cc(C#N)ccc3)cc2)C(=O)O1;1
COc1c(OC)c(OC)cc(/C=C/C(=O)N2CCCCCCC2)c1;1
N#CCCN1C(=O)C(O)N=C(c2ccccc2F)c2c1ccc(Cl)c2;1
CN(C(=O)CNC1CC1)c1c(C(=O)c2c(Cl)cccc2)cc(Cl)cc1;1
CC1(C)O[C@@H]2C[C@H]3C4C[C@H](F)C5=CC(=O)C=C[C@]5(C)[C@@]4(F)[C@@H](O)C[C@]3(C)[C@]2(C(=O)COC(=O)C2CC2)O1;1
CN1CCC2=C(CC1)c1c(ccc(C#N)c1)Sc1c2cccc1;1
COc1cc(N)c(Cl)cc1C(=O)NC1CCN(Cc2ccccc2)CC1;1
Clc1c(NC2=NCCO2)c(Cl)ccc1;1
C[C@H]1C[C@H]2[C@@H]3CC=C4CC(=O)C=C[C@]4(C)[C@@]3(F)C(=O)C[C@]2(C)[C@@]1(O)C(=O)CCl;1
CCCC(=O)O[C@]1(C(=O)CCl)[C@@H](C)C[C@H]2[C@@H]3CC=C4CC(=O)C=C[C@]4(C)[C@@]3(F)C(=O)C[C@@]21C;1
NC(=O)C1(N2CCCCC2)CCN(CCCN2c3c(cccc3)CCc3c2cc(Cl)cc3)CC1;1
C[C@@H]1CC2C3C[C@H](F)C4=CC(=O)C=CC4(C)[C@@]3(Cl)C(O)CC2(C)C1C(=O)CO;1
CC(=O)OCC(=O)C1[C@H](C)C[C@H]2[C@@H]3C[C@H](F)C4=CC(=O)C=C[C@]4(C)C3(Cl)[C@@H](O)C[C@]12C;1
C[C@@H]1CC2C3C[C@H](F)C4=CC(=O)C=CC4(C)[C@@]3(Cl)C(O)CC2(C)C1C(=O)COC(=O)C(C)(C)C;1
CN(C)CCCn1c(=O)n(-c2ccccc2)c2c1ccc(Cl)c2;1
CCN(CC)CCOC1(c2ccc(Cl)cc2)CCCCC1;1
O=C(CCCN1CCC(O)(c2ccc(Cl)c(C(F)(F)F)c2)CC1)c1ccc(F)cc1;1
OCCN1CCN(CC/C=C2/c3c(cccc3)Sc3c2cc(Cl)cc3)CC1;1
O=c1[nH]c2c(cccc2)c(=O)n1CCCN1CCN(c2cc(Cl)ccc2)CC1;1
C[C@]12C[C@H](O)[C@H]3C(=CC(Cl)=C4CC(=O)C=C[C@@]43C)[C@@H]1CC[C@]2(O)C(=O)CO;1
O=C(OCC(Cl)(Cl)Cl)OCC(Cl)(Cl)Cl;1
C#CCN(C)CCCOc1ccc(Cl)cc1Cl;1
O=C(CCCN1CCC(C(=O)c2ccc(Cl)cc2)CC1)c1ccc(F)cc1;1
CN1CCN(C2Cc3c(cccc3)Sc3c2cc(Cl)cc3)CC1;1
CCc1cc2c(s1)N(C)C(=O)CN=C2c1ccccc1Cl;1
CCC(=O)O[C@]1(C(=O)SCCl)[C@H](C)C[C@H]2C3C[C@H](F)C4=CC(=O)C=C[C@]4(C)[C@@]3(F)[C@@H](O)C[C@@]21C;1
CNC(=O)CCN1CCN(CCC=C2c3ccccc3Sc3ccc(Cl)cc23)CC1;1
CCC12CCN(CC3CCC3)C(Cc3c1cc(O)cc3)C2(C)C;1
CC[C@H]1CC(=O)C2Oc3c(OC)ccc4c3[C@@]23CCN(CC2CC2)C(C4)[C@H]13;1
CC1CC2C3CC(F)(F)C4=CC(=O)C=C[C@]4(C)C3(F)C(O)CC2(C)C1(O)C(=O)CO;1
CC12CCC(=O)C=C1CCC1C2CCC2(C)C1CCC2(O)C(=O)CO;1
CC(=O)OCC(=O)[C@@]1(O)CC[C@H]2[C@@H]3CC=C4CC(=O)CC[C@]4(C)C3C(=O)C[C@@]21C;1
CC1=C[C@H]2[C@@H]3C[C@@H](C)[C@](O)(C(=O)COC(=O)c4cc(S(=O)(=O)O)ccc4)[C@@]3(C)C[C@H](O)[C@@H]2[C@@]2(C)Cc3c(C=C12)n(-c1ccccc1)nc3;1
CC(=O)OCC(=O)[C@@]1(O)[C@H](C)C[C@H]2[C@@H]3C=C(C)C4=Cc5c(cnn5-c5ccccc5)C[C@]4(C)[C@H]3[C@@H](O)C[C@@]21C;1
CN1C(=O)CCC1c1cccnc1;1
CN(C)CC(=O)C=C1c2c(cccc2)CCc2c1cccc2;1
CC1CC(OC(O)c2ccc(O)[nH]2)CC(C)(C)C1;1
C/C=C/C(=O)N(CC)C(CC)C(=O)N(C)C;1
O=C(Nc1ccccc1)OCC1(COC(=O)Nc2ccccc2)CCCC1;1
CN(C)C1CCc2c(C1)c1c(cccc1)[nH]2;1
CCC1(C2=CCCCC2)C(=O)NC(=O)NC1=O;1
CN(C)CCC=C1c2c(C=Cc3c1cccc3)cccc2;1
CC(=O)C1CC[C@H]2[C@@H]3C[C@@H](O)C45CC4CC[C@]5(C)[C@H]3CC[C@]12C;1
C/C(=C1/CCOC(=O)S1)N(C=O)Cc1c(N)nc(C)nc1;1
NC(=O)C1c2c(cccc2)CCc2c1cccc2;1
COC12C=CC3(CC1C(C)(C)O)[C@@H]1Cc4c5c(c(O)cc4)O[C@H]2[C@@]53CCN1CC1CC1;1
CN(C)CCOC(=O)CCC1CCCCC1;1
OC(c1ccccc1)(c1ccccc1)C1CC1c1ccncc1;1
O=C1NC(=O)C2(c3ccc(Cl)cc3)CC12;1
CN(C)CC(=O)N1c2c(cccc2)Sc2c1cccc2;1
OC(C1=NCCN1)(c1ccc(Cl)cc1)c1ccccn1;1
CCCCCCCCCCOc1c(OC)cc(C(N)=O)cc1OC;1
Cc1ccc(Cc2ccccc2)c(N2CCNCC2)c1;1
O=C1CN(O)C(c2ccccc2)=c2cc(Cl)ccc2=N1;1
CCCCn1c(=O)c2c(ncn2CC(C)=O)n(CCCC)c1=O;1
CC(=O)C1(O)CCC2C3CC=C4CC(=O)C=CC4(C)C3C(O)CC21C;1
Nc1nc2c(cn1)ncn2COCCO;1
CC(=O)[C@@]1(O)[C@H](O)C[C@H]2[C@@H]3CC=C4CC(=O)C=C[C@]4(C)[C@@]3(F)[C@@H](O)C[C@@]21C;1
CC1(C)O[C@@H]2C[C@H]3C4CC=C5CC(=O)C=CC5(C)[C@H]4C(O)CC3(C)[C@]2(C(=O)CO)O1;1
C[C@@H]1C[C@H]2[C@@H]3CC=C4CC(=O)C=C[C@]4(C)[C@@]3(F)[C@@H](O)C[C@]2(C)C1C(=O)CO;1
Cc1c(C)c(Cc2cnc[nH]2)ccc1;1
CC(=O)OCC(=O)[C@@]1(OC(=O)c2ccco2)[C@H](C)C[C@H]2[C@@H]3CC=C4CC(=O)C=C[C@]4(C)[C@@]3(F)[C@@H](O)C[C@@]21C;1
c1ccc([C@@H]2CN3CCSC3=N2)cc1;1
c1ccc(C2CN=C3NCCN32)cc1;1
c1ccc(C2(c3ccccc3)OC[C@H]([C@@H]3CCCCN3)O2)cc1;1
CC12CC(Cl)[C@@]3(Cl)C(CC=C4CC(=O)C=CC43C)C1CC[C@]2(O)C(=O)CO;1
CC(=O)OCC(=O)[C@@]1(O)CCC2C3CC=C4CC(=O)C=CC4(C)[C@@]3(Cl)C(Cl)CC21C;1
CCN(CC)CCNC(=O)c1c(OC)c(Cl)cc(Cl)c1;1
CC(=O)O[C@H]1C[C@@H]2C(COC(=O)CC(C)C)=CO[C@@H](OC(=O)CC(C)C)[C@@H]2[C@@]12CO2;1
CCCCOCC(CN1C(=O)N(CC(COCCCC)OC(N)=O)C(=O)C(CC)(c2ccccc2)C1=O)OC(N)=O;1
Fc1ccc(C(CCCN2CCN(CCNc3ccccc3)CC2)c2ccc(F)cc2)cc1;1
C[C@@H]1CC2C3C[C@H](F)C4=CC(=O)C=CC4(C)[C@@]3(F)C(O)CC2(C)C1C(=O)CO;1
C[C@@H]1C[C@H]2[C@@H]3C[C@H](F)C4=CC(=O)C=C[C@]4(C)[C@@]3(F)[C@@H](O)C[C@]2(C)C1C(=O)COC(=O)C(C)(C)C;1
CN1CCC(C)(CN2c3c(cccc3)Sc3c2cccc3)C1;1
CC1(C)OC(=O)NC1=O;1
CN(C)CCn1cnc2c1c(=O)n(C)c(=O)n2C;1
CC(Cc1ccccc1)N(C)C;1
O=C1CN2C(=O)CCC2N1;1
CCCCCCCCCC1(C)OCC(COC(N)=O)O1;1
CC(=O)NNC(=O)CC(O)(c1ccccc1)c1ccccc1;1
CO[C@]12CC[C@@]3(C[C@@H]1C(C)(C)O)[C@H]1Cc4ccc(O)c5c4[C@@]3(CCN1CC1CC1)[C@H]2O5;1
CCc1c(C)n2cc(C(=O)c3ccccc3)nc2nc1OC;1
CC12NC(Cc3c1cccc3)c1c2cccc1;1
CCCC(=O)O[C@]1(C(C)=O)CCC[C@H]2[C@@H]3CC=C4CC(=O)C=C[C@]4(C)[C@H]3[C@@H](O)C[C@@]21C;1
COc1cc2c(cc1OC)C(=O)C(CC1CCN(Cc3ccccc3)CC1)C2;1
O=C(NCCc1cc(O)c(O)cc1)C12CC3CC(CC(C3)C1)C2;1
CCN1CC(CCN2CCOCC2)C(c2ccccc2)(c2ccccc2)C1=O;1
COc1c(OC)c2c(cc1)C[C@H]1N(C)CC[C@@]23C[C@H](O)CC[C@@]13O;1
CNCCC(Oc1c2ccccc2ccc1)c1cccs1;1
O=C(c1ccc(F)cc1)C1CCN(CCCN2c3c(cccc3)Sc3c2cc(C(F)(F)F)cc3)CC1;1
O=C(CN1CCCC1=O)NNC(=O)CN1CCCC1=O;1
CCC(=O)N(c1ccc(Cl)c(Cl)c1)[C@@H]1CCC[C@H]1N(C)C;1
Cc1cc(=O)n(-c2ccccc2)[nH]1;1
Cc1nccn1C(C)c1ccccc1;1
CCN(CC)C/C=C1/c2ccccc2Nc2c1ccc(Cl)c2;1
CCS(=O)(=O)CCN1C(=O)CN=C(c2ccccc2F)c2c1ccc(Cl)c2;1
Fc1ccc(-c2ccc(CN3CCN(c4cccc5c4occ5)CC3)[nH]2)cc1;1
c1cc2c(OCCO2)c(N2CCNCC2)c1;1
CCC(CC)(CNC(=O)CCCO)c1cccc(OC)c1;1
COc1ccccc1N1CCN(CC(O)COc2cc(OC)c(OC)c(OC)c2)CC1;1
CCOC(=O)N(Cc1ccccc1)C1CC1;1
OC1CCN(c2ccc(-c3ccc(Cl)cc3Cl)nn2)CC1;1
CCN(CC)C(=O)C1C(C(=O)N(CC)CC)[C@H]2C=C[C@@H]1C2;1
CC(=O)C1CCC2C3CC(C)=C4CC(=O)C=CC4(C)C3C(O)CC12C;1
CC1OC2(CCCCC2Oc2cc(Cl)ccc2)NC1=O;1
CCCCCCCNC(=O)Oc1cc2c(cc1)N(C)[C@H]1N(C)CC[C@@]21C;1
CN1CCC2=C(CC1)c1c(cccc1)N(C)c1c2cccc1;1
CCN1CCCC1CNC(=O)c1c(OC)ccc(C(C)=O)c1;1
CCN(CC)CCn1cnc2c1c(=O)n(C)c(=O)n2C;1
CCN=C1Nc2ccc(Cl)cc2C(c2ccccc2)S1;1
CCOC1c2c(cccc2)C(=O)N(C)c2c1cccc2;1
CCCCNCC1COc2cccc(OCC)c2O1;1
CCCl;1
C=C;1
CCC1(CC)C(=O)N=CC(C)C1=O;1
CCNC1(c2ccccc2)CCCCC1;1
CCN=C1Nc2ccc(Cl)cc2C(C)(c2ccccc2)O1;1
CCC(C(N)=O)N1CCCC1=O;1
CCN(CC)S(=O)(=O)N[C@H]1C[C@@H]2c3cccc4c3c(c[nH]4)C[C@H]2N(C)C1;1
OCCOCCOCCN1CCN(C(c2ccccc2)c2ccc(Cl)cc2)CC1;1
CCc1nn(CCCN2CCN(c3cccc(Cl)c3)CC2)c(=O)n1CC;1
CCCC(C)(O)C1CC23C=CC1(OC)C1Oc4c(O)ccc5c4C12CCN(C)C3C5;1
CCC1(c2ccccc2)OCC(C2CCCCN2)O1;1
CC(=O)OCC(CCn1cnc2c1nc(N)nc2)COC(C)=O;1
CN(C)CCCn1c(=O)c2c(cccc2)c2c1cccc2;1
CCc1c(OC)nc2nc(-c3noc(C)n3)cn2c1C;1
Oc1ccc(C(O)N2CCCCC2)[nH]1;1
CCCCOCC(CN1C(=O)NC(=O)C(CC)(c2ccccc2)C1=O)OC(N)=O;1
NC(=O)OCC(COC(N)=O)c1ccccc1;1
COc1ccc(OCC2CN(C)CCC2c2ccccc2)cc1;1
O=C(CCCN1CCN(C(=O)OC2CCCCC2)CC1)c1ccc(F)cc1;1
CCC(C(=O)OCCN1CCOC(c2ccccc2)C1C)c1ccccc1;1
CCNC1C2CCC(C2)C1c1ccccc1;1
CCCCN=C(c1cc(Cl)ccc1O)c1ccccc1Cl;1
c1ccc(CC2NCCc3c2[nH]c2ccccc32)cc1;1
CCC1C(=O)NC(=O)C1(C)c1ccccc1;1
Clc1ccc(OCC2=NCCN2)cc1Cl;1
CC1NC(=O)COC1c1ccccc1;1
Cn1cc(O)nc1NC(=O)Nc1cccc(Cl)c1;1
CCNc1nc(O)c(-c2ccccc2)o1;1
CC(C)(O)CC(C)(O)c1ccc(Cl)cc1;1
Cn1nc(-c2cccnc2)nc1-c1ccccc1CO;1
O=C(COc1ccc(Cl)cc1)N1CCN(Cc2ccc3OCOc3c2)CC1;1
CC(C)(C)NCC(O)c1ccccc1F;1
CS(=O)(=O)c1ccc([C@@H](O)[C@@H](CF)NC(=O)C(Cl)Cl)cc1;1
CCN(CC)CCC(=O)N1c2c(cccc2)Sc2c1cc(C(F)(F)F)cc2;1
CC(=O)OCC(=O)C12N=C(C)OC1CC1C3CC=C4CC(=O)C=CC4(C)[C@@]3(F)C(O)CC12C;1
CCOC(=O)N(CCN(C)C)c1cccc(C(F)(F)F)c1;1
COc1ccc(S(N)(=O)=O)cc1C(=O)NCC1CCCN1Cc1ccc(F)cc1;1
CC1(C)O[C@@H]2CC3C4C[C@H](F)C5=CC(=O)C=CC5(C)[C@@]4(Cl)C(Cl)CC3(C)[C@]2(C(=O)CO)O1;1
C[C@]12C[C@H](O)[C@@]3(F)[C@@H](CC=C4CC(=O)CC[C@@]43C)[C@@H]1CC[C@]2(O)C(=O)CO;1
CC(=O)OCC(=O)[C@@]1(O)CC[C@H]2[C@@H]3CC=C4CC(=O)CC[C@]4(C)[C@@]3(F)[C@@H](O)C[C@@]21C;1
Cc1cc2c(s1)Nc1ccc(F)cc1N=C2N1CCN(C)CC1;1
COC(OC)C(=O)[C@@]12OC(C)(C)O[C@@H]1CC1C3C[C@H](F)C4=CC(=O)C=CC4(C)[C@@]3(F)C(O)CC12C;1
CC(=O)OCC(=O)[C@@]12OC(C)(C)O[C@@H]1C[C@H]1[C@@H]3C[C@H](F)C4=CC(=O)C=C[C@]4(C)[C@@]3(F)[C@@H](O)C[C@@]12C;1
CCCCOC(=O)C(=O)C1C(C)CC2C3CC(F)C4=CC(=O)C=CC4(C)C3C(O)CC21C;1
CCCCCC(=O)OCC(=O)C1C(C)CC2C3CC(F)C4=CC(=O)C=CC4(C)C3C(O)CC21C;1
CCS(=O)(=O)c1ccc(F)cc1;1
CC(=O)O[C@]1(C(C)=O)CC[C@H]2[C@@H]3CC(C)=C4CC(=O)C=C[C@]4(C)[C@@]3(F)[C@@H](O)C[C@@]21C;1
C[C@H]1c2c(cccc2)[C@@H](CCCN(C)C)c2c1ccc(C(F)(F)F)c2;1
CNCCC(Oc1ccc(C(F)(F)F)cc1)c1ccccc1;1
CCCCCCC(=O)OCCN1CCN(CCCN2c3c(cccc3)Sc3c2cc(C(F)(F)F)cc3)CC1;1
OCCOC1CCN(CCCN2c3c(cccc3)Sc3c2cc(C(F)(F)F)cc3)CC1;1
NC(=O)NCCN1CCN(c2cccc(C(F)(F)F)c2)CC1;1
O=C1NCN(c2ccccc2)C12CCN(CCCC(c1ccc(F)cc1)c1ccc(F)cc1)CC2;1
O=C1CN2CCOC2(c2ccccc2F)c2c(ccc(Cl)c2)N1CCO;1
CN1C(=O)C(O)N=C(c2ccccc2F)c2cc(Cl)ccc21;1
CC1CC2C3CC(F)C4=CC(=O)C=CC4(C)C3(F)C(O)CC2(C)C1(O)C(=O)SCF;1
CCC(=O)O[C@]1(C(=O)SCF)[C@H](C)C[C@H]2[C@@H]3C[C@H](F)C4=CC(=O)C=C[C@]4(C)[C@@]3(F)[C@@H](O)C[C@@]21C;1
OCCN1CCN(CCCN2c3c(ccc(C(F)(F)F)c3)Sc3c2ccs3)CC1;1
CCOC(=O)c1cncn1C(C)c1ccc(F)cc1;1
OC(CCCN1CCc2c(C1)c1c(ccc(F)c1)n2-c1ccc(F)cc1)c1ccc(F)cc1;1
CC(C)n1c(/C=C/[C@@H](O)C[C@H](O)CC(=O)O)c(-c2ccc(F)cc2)c2c1cccc2;1
COCCCCC(=NOCCN)c1ccc(C(F)(F)F)cc1;1
CNC(=O)N1CC(Oc2cc(C(F)(F)F)ccc2)C1;1
Nc1nc(=O)c2c(ncc(CNc3ccc(C(=O)NC(CCC(=O)O)C(=O)O)cc3)n2)[nH]1;1
CC(=O)OCC(=O)[C@@]12OC(C)(C)O[C@@H]1CC1C3CC(C=O)=C4C=C(OCCCl)CCC4(C)[C@@]3(F)C(O)CC12C;1
CP(C)(=O)CN1C(=O)CN=C(c2ccccc2)c2c1ccc(Cl)c2;1
NNC(=O)CP(=O)(c1ccccc1)c1ccccc1;1
C[C@@H]1O[C@@H]1P(=O)(O)O;1
O=C1NC(c2ccccc2)(c2ccccc2)C(=O)N1COP(=O)(O)O;1
CN1CCN(CCC(=O)N2c3c(cccc3)Sc3c2cc(C(F)(F)F)cc3)CC1;1
O=C(CCN1CCN(CCO)CC1)N1c2c(cccc2)Sc2c1cc(C(F)(F)F)cc2;1
O=C1OCCC1C1(O)CCN(CCCN2c3c(cccc3)Sc3c2cc(Cl)cc3)CC1;1
C/C(=C(/CCO)SSCC1CCCO1)N(C=O)Cc1c(N)nc(C)nc1;1
Oc1noc2c1CCNC2;1
CC(=O)C1CC[C@H]2[C@@H]3CC[C@H]4C[C@](C)(O)CC[C@]4(C)[C@H]3CC[C@]12C;1
COCc1c(C(=O)OC(C)C)ncc2[nH]c3cccc(Oc4ccc(Cl)cc4)c3c12;1
CCC12CCN(CC3CC3)C(Cc3c1cc(O)cc3)C2(C)C;1
CC1(C)CC(=O)N(CCCCN2CCN(c3ncccn3)CC2)C(=O)C1;1
Fc1cc2c(cc1)[nH]c1c2CN(CCCc2cnccc2)CC1;1
COc1cc2c(cc1OC)C(c1cccc(Cl)c1)=NN=C(C)C2;1
CC1(C)O[C@@H]2C[C@H]3[C@@H]4CC=C5CC(=O)CC[C@]5(C)[C@@]4(F)[C@@H](O)C[C@]3(C)[C@]2(C(=O)CCl)O1;1
C[C@@H]1C[C@H]2[C@@H]3C[C@H](F)C4=CC(=O)C=C[C@]4(C)C3(Cl)[C@@H](F)C[C@]2(C)C1C(=O)CO;1
O=C(NCCN1CCC(n2c(=O)[nH]c3c2ccc(Cl)c3)CC1)c1ccc(F)cc1;1
CCCCCCCCCC(=O)OC1(c2ccc(Cl)cc2)CCN(CCCC(=O)c2ccc(F)cc2)CC1;1
C[C@]12C=C(Br)C(=O)C=C1[C@H](F)C[C@H]1[C@@H]3CCC(O)(C(=O)CO)[C@@]3(C)C[C@H](O)C12F;1
O=C1CN2CCOC2(c2c(F)cccc2)c2c(ccc(Br)c2)N1;1
CCCCCC(N)C(O)(c1ccccc1)c1ccccc1;1
OCCN1C=CN(CCCN2c3ccccc3C=Cc3ccccc32)C=CC1;1
CCC(C)(O)C1CC23C=CC1(OC)C1Oc4c5c(ccc4OC)CC2N(CC2CC2)CCC513;1
CC(C)(CO)C(O)C(=O)NCCCC(=O)O;1
CCN(CC)CC(=O)OCC(=O)[C@@]1(O)CC[C@H]2[C@@H]3CC=C4CC(=O)CC[C@]4(C)[C@H]3[C@@H](O)C[C@@]21C;1
CCC(=O)O[C@]1(C(=O)COC(C)=O)CC[C@H]2[C@@H]3CC=C4CC(=O)CC[C@]4(C)[C@H]3[C@@H](O)C[C@@]21C;1
C[C@]12C[C@H](O)[C@H]3[C@@H](CC=C4CC(=O)CC[C@@]43C)[C@@H]1CC[C@]2(O)C(=O)COC(=O)CCC(=O)O;1
CCCCC(=O)O[C@]1(C(=O)CO)CCC2C3CC=C4CC(=O)CCC4(C)C3C(O)CC21C;1
CC12CCC(=O)C=C1CCC1C2C(O)CC2(C)C1CCC2(O)C(=O)COC(=O)CCC1CCCC1;1
CN1CC[C@]23c4c5ccc(O)c4O[C@H]2[C@@H](O)CC[C@@]3(O)[C@H]1C5;1
COc1ccc(Cn2c(C)c(CCN)c3c2ccc(O)c3)cc1;1
CCC(Br)(C(N)=O)C(C)C;1
O=C1CN=C(c2ccccc2)c2c(ccc(Cl)c2)N1CCOCC1CC1;1
Cc1cccc(O[C@H]2CCNC[C@H]2O)c1C;1
O=C(/C=C/c1ccc2OCOc2c1)N1CCCCC1;1
COc1cc(C(C)=O)ccc1OCCCN1CCC(c2noc3cc(F)ccc23)CC1;1
CN1CCN(CCN2CCN(CCCN3c4c(cccc4)Sc4c3cc(Cl)cc4)CC2)C1=O;1
CN(C)CCN1CCN(c2cc(Cl)ccc2)C1=O;1
C[N+](C)([O-])CCCN1c2c(cccc2)CCc2c1cccc2;1
CN[C@@H]1C[C@@H](c2ccc(Cl)c(Cl)c2)c2ccccc21;1
C1=Cc2c(C1)c(OCC1CNCCO1)ccc2;1
COc1cc2c(cc1)n(C(=O)c1ccc(Cl)cc1)c(C)c2CC(=O)O;1
CN(C)CCC1(c2ccccc2)C=Cc2c1cccc2;1
CC(C)NNC(=O)COc1ccc(Cl)cc1;1
CSc1c(Cl)nc(NC(C)C)nc1N1CCN(C)CC1;1
O=C1c2c(cccc2)S(=O)(=O)N1CCCCN1CCN(c2ncccn2)CC1;1
Cc1cc(C(O)=NNCc2ccccc2)no1;1
CC12C=CC(=O)C=C1CCC1C3CCC(O)(C(=O)CO)C3(C)CC(O)C12F;1
CC(=O)OCC(=O)[C@@]1(O)CC[C@H]2[C@@H]3CC=C4CC(=O)C=C[C@]4(C)[C@@]3(F)[C@@H](O)C[C@@]21C;1
CCC[C@@H]1O[C@@H]2C[C@H]3[C@@H]4C[C@H](F)C5=CC(=O)C=C[C@]5(C)C4(F)[C@@H](O)C[C@]3(C)[C@]2(C(=O)O[C@H](C)OC(=O)OCC)O1;1
C=C[C@@H]1CNCC[C@H]1CCCc1c2cc(OC)ccc2ncc1;1
CC1C2C(=O)c3c(cc(O)cc3)[C@]1(C)CCN2CC1CC1;1
CC1=CC(=O)N2CC(=O)N(C)c3c(cc(Cl)cc3)C2(c2ccccc2)O1;1
CCC(=O)C1(c2cccc(O)c2)CCN(C)CC1;1
Clc1cn(CCCCN2CCN(c3ncccn3)CC2)nc1;1
O=C(CN1CCC23CCCCC2C1Cc1c3cc(O)cc1)c1ccccc1;1
O=C1N(c2ccccc2)c2c(cccc2)C1(Cc1ccncc1)Cc1ccncc1;1
CCN(CC)C(=O)N[C@H]1C=C2c3cccc4[nH]cc(c34)C[C@H]2N(C)C1;1
CNCCC=C1c2c(cccc2)C(C)(C)c2c1cccc2;1
O=C1CCNc2c(cc(Cl)cc2)N1c1ccccc1;1
CCC(=O)N(c1ccccc1)[C@]1(C(=O)OC)CCN(CCc2ccccc2)C[C@@H]1C;1
CN(CCCN1c2c(cccc2)CCc2c1cccc2)CC(=O)c1ccc(Cl)cc1;1
COc1ccc(Cl)c2c1CCCC2N(C)C;1
O=C1Nc2ccc(Cl)nc2C(c2ccccc2Cl)NC1=O;1
CN1CCN(/C=C2\N=C3CN=C(c4c(Cl)cccc4)c4c(ccc([N+](=O)[O-])c4)N3C2=O)CC1;1
CCOC(=O)N1CCC(=C2c3c(cc(Cl)cc3)CCc3c2nccc3)CC1;1
CN1C(=O)C(O)N=C(c2ccccc2Cl)c2c1ccc(Cl)c2;1
FC(F)(F)c1cc(N2CCN(CCc3nnc4[C@@H]5CCC[C@@H]5Cn34)CC2)ccc1;1
CN1CC[C@]23NC(=O)CC(c4c(ccc(Cl)c4)O2)C3C1;1
CN(C(=O)CNC(=O)CN)c1c(C(=O)c2ccccc2Cl)cc(Cl)cc1;1
COC1=CC(=O)OC1C(O)c1ccccc1Cl;1
CCOC(=O)OC1(C(=O)OCCl)CCC2C3CC=C4CC(=O)C=CC4(C)C3C(O)CC21C;1
CN1CCN(C2=Nc3c(cccc3)Oc3c2cc(Cl)cc3)CC1;1
CN1c2cc(F)ccc2C(c2ccccc2)=NCC1CNC(=O)c1ccoc1;1
OC1(c2ccc(Cl)cc2)c2c(cccc2)C2=NCCN21;1
CN1CCN(CC(=O)[C@@]2(O)CC[C@H]3[C@@H]4CC=C5CC(=O)C=C[C@]5(C)[C@H]4[C@@H](O)C[C@@]32C)CC1;1
CC(NN)c1ccccc1;1
CCC(C)C(C)(COC(N)=O)COC(N)=O;1
CC1N=C(c2ccccc2Cl)c2c(ccc([N+](=O)[O-])c2)NC1=O;1
CNC(=O)NC(O)C(Cl)(Cl)Cl;1
C[C@@H]1CC2C3CC=C4CC(=O)C=CC4(C)[C@@]3(Cl)C(Cl)CC2(C)[C@@]1(O)C(=O)CO;1
CC(=O)C1CC[C@H]2[C@@H]3CC(C)=C4CC(=O)CC[C@]4(C)[C@H]3[C@@H](O)C[C@]12C;1
CCN(CC)CCNC(=O)COc1ccc(OC)cc1;1
CN(C)CCC=C1c2c(cccc2)C(C)(C)c2c1cccc2;1
CC1CCN(CCCC(=O)c2ccc(F)cc2)CC1;1
CC12CC3CC(C)(C1)CC(N)(C3)C2;1
COc1ccccc1OCC1CNC(=O)O1;1
COc1cc2c(cc1)Sc1c(cccc1)C2(O)CCCN(C)C;1
c1cc2c(cc1)N(CC1CN3CCC1CC3)c1c(cccc1)S2;1
CN1C[C@@H](NS(=O)(=O)N(C)C)C[C@@H]2c3cccc4c3c(cn4C)C[C@H]21;1
CC(=O)Nc1cc(O)ccc1;1
CC(C)(O)C(C)(O)c1cc(Cl)ccc1;1
CN(C)CCN(Cc1cccs1)c1ccccn1;1
CCC1(CC)C(=O)NC(=O)N(C)C1=O;1
CCCC(C)C1(CCSC)C(=O)NC(=S)NC1=O;1
CC1=CCC2C3Cc4ccc(O)c5c4C2(CCN3C)C1O5;1
CO[C@H]1CC[C@H]2[C@H]3Cc4ccc(O)c5c4[C@@]2(CCN3C)[C@H]1O5;1
CCC(=O)O[C@]1(C(=O)COC(C)=O)CC[C@H]2[C@@H]3CC(C)=C4CC(=O)C=C[C@]4(C)[C@H]3[C@@H](O)C[C@@]21C;1
Cc1cc2c(cc1)Sc1c(cccc1)N=C2N1CCN(C)CC1;1
COc1cc(C(=O)OCCN2CCN(CCCN3c4c(cccc4)Sc4c3cc(Cl)cc4)CC2)cc(OC)c1OC;1
CS(=O)(=O)c1cc2c(cc1)Sc1c(cccc1)N2CCCN1CCC(C(N)=O)CC1;1
CN1CC[C@]23c4c5ccc(O)c4O[C@@]2(C)C(=O)CC[C@H]3[C@H]1C5;1
COC(=O)C1C2CC3c4[nH]c5cc(OC)ccc5c4CCN3CC2CC(OC)C1OC;1
COc1cc2c(cc1)Oc1c(C=C2N2CCN(C)CC2)cccc1;1
COc1cc2c(cc1)n1CCN(C)C3=NCCc2c31;1
CCC(C)C(=O)O[C@H]1CCC=C2C=C[C@H](C)[C@H](CC[C@@H]3C[C@@H](O)CC(=O)O3)[C@H]21;1
CC1COC2(c3ccccc3Cl)c3c(ccc(Cl)c3)NC(=O)CN12;1
CNc1nc(N2CCN(C)CC2)c(SC)c(Cl)n1;1
Clc1cc(Cl)c(COC(Cn2ccnc2)c2c(Cl)cc(Cl)cc2)cc1;1
N=C1NC(C(F)(F)F)(C(F)(F)F)NC1(C(F)(F)F)C(F)(F)F;1
CCCCCNCC(N)=O;1
CO/N=C/C1=CCCN(C)C1;1
Cc1cc(-c2ccccc2)nnc1NCCN1CCOCC1;1
CCO[C@H]1C[C@@]2(C)[C@@H](CC[C@H]3[C@@H]4CCC(C(C)=O)[C@@]4(C)C[C@@H](N(C)C)[C@@H]32)C[C@@H]1O;1
CN1[C@H]2CC[C@@H]1CC(NC(=O)c1cn(C3CCCCC3)c3c(cccc3)c1=O)C2;1
NC(=O)C[S+]([O-])C(c1ccccc1)c1ccccc1;1
C[C@@H]1C[C@H]2[C@@H]3CC=C4CC(=O)C=C[C@]4(C)[C@@]3(Cl)[C@@H](O)C[C@]2(C)[C@@]1(O)C(=O)CCl;1
CNCCCN1c2c(cccc2)C(C)(C)c2c1cccc2;1
CC1(c2ccccc2)CC(=O)N(CN2CCOCC2)C1=O;1
O=C1NC2CCCCN2C12CCN(CCCN1c3c(cccc3)CCc3c1cc(Cl)cc3)CC2;1
COCN1C(=O)CN=C(c2ccccc2)c2c1ccc([N+](=O)[O-])c2;1
CNC(=O)O[C@H]1OC(=O)[C@]2(C)[C@@H]3C=C[C@@H](C3)[C@H]12;1
Cc1cc(-c2ccc(O)cc2)nnc1NCCN1CCOCC1;1
CCCCCCCCCCCCCC(=O)O[C@H]1C=C[C@H]2[C@H]3Cc4c5c(c(OCc6ccccc6)cc4)O[C@@H]1[C@]52CCN3C;1
CCCCCC(C)C(C)c1cc(OC(=O)CCCN2CCCCCC2)c2c(c1)OC(C)(C)C1=C2CC(C)CC1;1
CCCCCCC(C)(C)c1cc(O)c2c(c1)OC(C)(C)[C@@H]1CCC(=O)C[C@@H]21;1
O=C(Cn1ccnc1)c1cc2ccccc2cc1;1
C[C@]12C[C@H](O)[C@@]3(F)[C@@H](CC=C4CC(=O)C=C[C@@]43C)[C@@H]1C[C@H]1Cc3ccccc3C[C@]12C(=O)CO;1
Oc1ccc2CC3N(CC4CCC4)CCC45c2c1OC4C(O)CCC35O;1
C=C1CC[C@@]2(O)[C@H]3Cc4c5c(c(O)cc4)O[C@@H]1[C@]52CCN3CC1CC1;1
CC(C)=CCN1CC[C@]23c4c5ccc(O)c4OC2C(=O)CC[C@@]3(O)[C@H]1C5;1
CN=C(Cc1cc2c(cccc2)cc1)NC;1
C1=C(CC2=NCNC2)CCc2ccccc12;1
CC(Oc1cccc2ccccc12)C(N)=NO;1
CCc1nn(CCCN2CCN(c3cc(Cl)ccc3)CC2)c(=O)n1CCOc1ccccc1;1
Cc1c(NC(=O)CN2CCCC2=O)c(C)ccc1;1
Oc1nc2ccccc2n1C1CCN(CCCc2noc3cc(F)ccc23)CC1;1
O=C(CCNNC(=O)c1ccncc1)NCc1ccccc1;1
CC(CCN1CCN(c2ccc(F)cc2)CC1)NC(=O)c1cccnc1;1
C/C=C\C1O[C@]2(C(=O)COC(=O)c3ccncc3)CC[C@@]3(O1)[C@@H]1CC=C4CC(=O)CC[C@]4(C)[C@H]1[C@@H](O)C[C@]23C;1
CN1CC[C@]23c4c5ccc(OC(=O)c6cnccc6)c4O[C@H]2[C@@H](OC(=O)c2cnccc2)C=C[C@H]3[C@H]1C5;1
O=C(c1cnccc1)N1CCOCC1;1
NC(=O)c1cccnc1;1
CCN(CC)C(=O)c1cnccc1;1
CN1C(=O)CN=C(c2ccccc2)c2c1ccc([N+](=O)[O-])c2;1
CCC(C)C(C)(COC(N)=O)COC(=O)NC(C)C;1
CNCCC(Oc1ccccc1OC)c1ccccc1;1
N=C(N)c1ccc(-c2ccccc2[N+](=O)[O-])o1;1
C#C[C@]1(O)CC[C@H]2C3CCC4=Cc5c(cnn5-c5ccc(F)cc5)CC4(C)[C@H]3CCC21C;1
CNC/C=C(/c1ccc(Br)cc1)c1cccnc1;1
CN1Cc2c(cccc2N)C(c2ccccc2)C1;1
CCCCCCCCCNc1ncnc2[nH]ccc12;1
FCC(F)(F)F;1
Oc1cc2c(cc1)CC1NCCC23CCCCC13;1
Oc1c2OC3C(O)C=CC4C5Cc(c2C43CCN5)cc1;1
O=c1cnc(C2CCCCC2)c2cc(Cl)ccc2n1;1
COc1ccc2c(c1OC)C(=O)O[C@@H]2[C@H]1c2c(OC)c3c(cc2CCN1C)OCO3;1
CN(C)CCON=C1c2c(cccc2)CCc2c1cccc2;1
Clc1cc2c(cc1)Sc1c(cccc1)/C2=C\C1CN2CCC1CC2;1
Cc1c(CCN2CCC(c3noc4c3ccc(F)c4)CC2)c(=O)n2cccc(C)c2n1;1
O=C(c1ncccc1)c1c2nccc(-c3ccncc3)n2nc1;1
CCCCCCC(C)NN;1
CNCCC=C1c2ccccc2C2CC2c2ccccc12;1
O=C(CN1CC[C@H](c2ccc(F)cc2)[C@@H](COc2cc3c(cc2)OCO3)C1)c1ccc(F)cc1;1
CC(C)N1CCOC(c2ccc(C(F)(F)F)cc2)C1;1
NC(=O)N1c2c(cccc2)CC(=O)c2c1cccc2;1
CC(Cc1ccccc1)[N+](C)([O-])Cc1ccccc1;1
NC(=O)CN1CC(O)CC1=O;1
COC(=O)[C@@]1(O)CC[C@H]2C3CCC(=O)C4C(=O)C=CC4(C)[C@H]3C(O)CC21C;1
NC(Cc1c[nH]c2c1cc(O)cc2)C(=O)O;1
CN(C)C(=O)COC1c2ccccc2CCc2ccccc21;1
CC(C)CCC(=O)CC1c2ccccc2C(=O)N1c1ccc2ccc(Cl)nc2n1;1
CC(C)n1c(=O)c2c(-c3noc(C4CC4)n3)ncn2c2c1cccc2;1
COc1ccc(N2C[C@H](CN3CCC(O)(c4cc5c(cc4)OCO5)CC3)OC2=O)cc1;1
Nc1c(Cl)cc(C(=O)NC2CN3CCC2CC3)c(OCC2CC2)c1;1
O=C(NC(=O)c1ccccc1)NC1CCN(Cc2ccc3ccccc3c2)CC1;1
CC1OC(C)OC(C)O1;1
CC(=O)OCC(=O)[C@@]1(O)[C@H](C)C[C@H]2[C@@H]3C[C@H](F)C4=CC(=O)C=C[C@]4(C)[C@H]3[C@@H](O)C[C@@]21C;1
C#CCN(C)Cc1ccccc1;1
Fc1ccc([C@@H]2CCNC[C@H]2COc2ccc3OCOc3c2)cc1;1
O=C(CC1c2c(cccc2)C(=O)N1c1nc2c(ccc(Cl)n2)cc1)N1CCC2(CC1)OCCO2;1
OC1(c2ccc(Cl)c(C(F)(F)F)c2)CCN(CCCC(c2ccc(F)cc2)c2ccc(F)cc2)CC1;1
CC(OC(N)=O)C(C)C(C)OC(N)=O;1
CCCCCN[C@@]12C=CC(=O)C3Oc4c(O)ccc5c4[C@@]31CCN(C)[C@@H]2C5;1
OCC1(CO)COC(C(Cl)(Cl)Cl)OC1;1
CN1CCN(C2=Nc3ccccc3Sc3nccn23)CC1;1
c1ccc(-c2nc(N3CCNCC3)cc3ccccc23)cc1;1
Oc1c2c(c(O)n1CCCCN1CCN(c3nsc4ccccc34)CC1)CCCC2;1
OCCN1CCN(CCCN2c3c(cccc3)Sc3c2cc(Cl)cc3)CC1;1
OC(OCC(COC(O)C(Cl)(Cl)Cl)(COC(O)C(Cl)(Cl)Cl)COC(O)C(Cl)(Cl)Cl)C(Cl)(Cl)Cl;1
NC(=O)NC(=O)Cc1ccccc1;1
CC1C2Cc3c(cc(O)cc3)C1(C)CCN2CCc1ccccc1;1
CCC(C(=O)NC(N)=O)c1ccccc1;1
CC1NCCOC1c1ccccc1;1
CC(COc1ccccc1)NN;1
Cn1c(O)cc(-c2ccccc2)c1O;1
O=C(O)c1ccccc1Oc1ccccc1;1
CCC1(CC)C(=O)NC(=O)N(c2ccccc2)C1=O;1
O=C(c1ccccn1)N1CCN(Cc2ccccc2)CC1;1
CCC[C@]1(c2cc(O)ccc2)CCN(C)C[C@@H]1C;1
CC(=O)Nc1ccc(OC(O)c2ccc(O)[nH]2)cc1;1
c1ccc(-c2cc(CCC3CCNCC3)c3ccccc3n2)cc1;1
CC(=O)c1cc2c(cc1)Sc1c(cccc1)N2CCCN1CCC(CCO)CC1;1
O=C(OCCN1CCCCC1)C(O)(c1ccccc1)c1ccccc1;1
CN1CCN(c2cc3c(nn2)Oc2c(cccc2)N3C)CC1;1
CCCCCCCCCCCCCCCC(=O)OCCC1CCN(CCCN2c3c(cccc3)Sc3c2cc(S(=O)(=O)N(C)C)cc3)CC1;1
CCc1c(C)[nH]c2c1C(=O)C1CN(C)CC[C@H]1C2;1
NC(=O)CN1CCCC1=O;1
CN(C)CCC1(C)OCCC2=C1c1c(cccc1)C2;1
Cc1c(-n2c(/C=C/c3ncccc3)nc3c(cccc3)c2=O)cccc1;1
N#CC(CCN1CCC(C(N)=O)(N2CCCCC2)CC1)(c1ccccc1)c1ccccc1;1
Cc1ccc2c(c1)c1c3C(CCC1)NCCn32;1
CC(C)(C)C(=O)NCCCC(=O)O;1
CC(C)(C)C(=O)OC1N=C(c2ccccc2)c2c(ccc(Cl)c2)NC1=O;1
CC(C)N(CCNC(=O)CN1CCCC1=O)C(C)C;1
O=C1NC(=O)C(CC2CCCCN2)(c2ccccc2)C(=O)N1;1
CCOC(=O)O[C@]1(C(=O)COC(=O)CC)CC[C@H]2[C@@H]3CC=C4CC(=O)C=C[C@]4(C)[C@H]3[C@@H](O)C[C@@]21C;1
CCN(CC)CC(=O)OCC(=O)C1(O)CCC2C3CC=C4CC(=O)C=CC4(C)C3C(O)CC21C;1
CCCCCCCCCCCCCCCCCC(=O)OCC(=O)OCC(=O)[C@@]1(O)CC[C@H]2[C@@H]3CC=C4CC(=O)C=C[C@]4(C)[C@H]3[C@@H](O)C[C@@]21C;1
CC(C)(C)CC(=O)OCC(=O)[C@@]1(O)CC[C@H]2[C@@H]3CC=C4CC(=O)C=C[C@]4(C)[C@H]3[C@@H](O)C[C@@]21C;1
C=C1CC2C3CC=C4CC(=O)C=CC4(C)C3C(O)CC2(C)C1(O)C(=O)CO;1
CC(C)C[C@H](CN)CC(=O)O;1
CC(=O)C1CCC2C3CC=C4CC(OC(=O)CCC(=O)O)CCC4(C)C3CCC12C;1
CCN1CCC(=C(c2ccccc2)c2ccccc2)C1;1
CNNCc1ccc(C(=O)NC(C)C)cc1;1
CCC(OC(N)=O)C1CCCCC1;1
O=C1CN=C(c2ccccc2F)c2c(ccc(Cl)c2)N1CC(O)CO;1
NC(=O)CCCN=C(c1ccc(Cl)cc1)c1cc(F)ccc1O;1
CCCC(Cc1ccccc1)N1CCCC1;1
CC(C)C1(C(C)C)OCC(CO)O1;1
CCN(CC)CC(=O)Oc1ccc(NC(C)=O)cc1;1
CCC;1
CC(CN1C(=O)c2c(nccc2)Nc2c1cccc2)N(C)C;1
CC(C)c1c(O)c(C(C)C)ccc1;1
CCC(=O)C1(N2CCCCC2)CCN(CCCC(=O)c2ccc(F)cc2)CC1;1
CN(C)CCC=C1c2c(cccc2)Sc2c1cccc2;1
C=CCC1(CC(C)O)C(=O)NC(=O)NC1=O;1
Oc1ccc2CC3C4CCOCC4(CCN3CC3CC3)c2c1;1
CC(O)Cn1cnc2c1c(=O)n(C)c(=O)n2C;1
CN(C)CCc1c[nH]c2c1c(OP(=O)(O)O)ccc2;1
c1cc2c(cc1)oc(-c1ccncc1)c2;1
Cc1ncc(CSSCc2cnc(C)c(O)c2CO)c(CO)c1O;1
OCCOCCN1CCN(C2=Nc3ccccc3Sc3c2cccc3)CC1;1
CN1CC[C@@]2(C)c3cc(OC(=O)N4CCc5ccccc5C4)ccc3N(C)[C@@H]12;1
CCCN1CC(NS(=O)(=O)N(CC)CC)CC2Cc3c(O)cccc3CC21;1
CN(C)CCOC1(Cc2ccccc2)CC2CCC1(C)C2(C)C;1
C#CCN[C@@H]1CCc2c1cccc2;1
Oc1coc(N2CCN=C(c3ccccc3Cl)c3cc(Cl)ccc32)n1;1
CC(Cc1ccccc1)(NC(=O)CN)c1ccccc1;1
CCC(=O)N(c1ccccc1)C1(C(=O)OC)CCN(CCC(=O)OC)CC1;1
CCC(=O)C1(O)CCC2C3CC=C4CC(=O)CCC4(C)C3C(O)CC21C;1
CCOC(=O)Nc1c(N)cc(NCc2ccc(F)cc2)cc1;1
CN1[C@H]2CC[C@@H]1CC(NC(=O)N1CC(C)(C)c3c1cccc3)C2;1
CN(C)C(=O)c1nc(CNC(=O)CN)n(-c2ccc(Cl)cc2C(=O)c2ccccc2Cl)n1;1
CC1CN(CCCn2c3ccccc3c3ccccc32)CC(C)N1;1
CCC(=O)[C@@]1(C)[C@H](C)C[C@H]2[C@@H]3CC=C4CC(=O)C=C[C@]4(C)[C@H]3[C@@H](O)C[C@@]21C;1
CCn1nc(C)c2c1C(c1ccccc1)=NCC(=O)N2;1
CCN(C)C(=O)Oc1cccc([C@H](C)N(C)C)c1;1
NC(=O)c1ccc(F)c2c1C[C@@H](N(C1CCC1)C1CCC1)CO2;1
CC(C)OCC(COC(C)C)OCn1cnc2c1nc(N)nc2;1
O=C1CCN=C2CC(c3ccccc3)CN12;1
CCC[C@@H]1O[C@@H]2C[C@H]3[C@@H]4C[C@H](F)C5=CC(=O)CC[C@]5(C)[C@@]4(F)[C@@H](O)C[C@]3(C)[C@]2(C(=O)CO)O1;1
Oc1ccc(C(O)NC2CC2c2ccccc2)[nH]1;1
COc1ccc(C2CNC(=O)C2)cc1OC1CCCC1;1
CN1C[C@H](CN2CC(=O)NC(=O)C2)C=C2c3cccc4[nH]cc(c34)C[C@H]21;1
Fc1cccc(Br)c1NC1=NCCN1;1
CN1C(=O)CC2(CCN(CCCC(=O)c3ccc(F)cc3)CC2)C1=O;1
CON=C(C#N)C1CN2CCC1CC2;1
OCc1c(O[C@@H]2O[C@H](CO)[C@@H](O)[C@H](O)[C@H]2O)cccc1;1
NC(=O)c1ccccc1O;1
O=C(Oc1c(C(=O)O)cccc1)c1c(O)cccc1;1
CCCCCCN1CCC(C(=O)N(C)CC)(c2ccccc2)CC1;1
CCCC(=O)N(C)Cc1c(-c2ccc(Cl)cc2)nc2ccccn12;1
N#Cc1ccc2Oc3ccccc3C3=C(CCN(CC4CCCC4)CC3)c2c1;1
C#CCN(C)[C@H](C)Cc1ccccc1;1
COCCN1CC[C@]23c4c5ccc(O)c4OC2C(=O)CC[C@@]3(O)[C@H]1C5;1
O=C1NCCN1CCN1CCC(c2cn(-c3ccc(F)cc3)c3c2cc(Cl)cc3)CC1;1
CN1CCC2=C(C1)c1c(cccc1)Cc1c2cccc1;1
c1cc(CC2(Cc3ccncc3)c3c(nccc3)-c3c2cccn3)cnc1;1
CC(C)CC(N(C)C)C1(c2ccc(Cl)cc2)CCC1;1
CN1CCN(c2c(Cc3ccccc3)cccc2)CC1;1
CCC(C)(C)C(=O)O[C@H]1C[C@@H](C)C=C2C=C[C@H](C)[C@H](CC[C@@H]3C[C@@H](O)CC(=O)O3)[C@H]21;1
Cc1cc(=NC(=O)c2c(C)cccc2C)[nH]o1;1
O=C(CCCN1CCC2(CC1)C(=O)NCN2c1ccccc1)c1ccc(F)cc1;1
CN(C(=O)Cc1cc(Cl)c(Cl)cc1)[C@H]1CC[C@@]2(CCCO2)C[C@@H]1N1CCCC1;1
O=C1NCN(c2ccccc2)C12CCN(CCCOc1ccc(F)cc1)CC2;1
C/C(=C/CCN1CCC2(CC1)C(=O)NCN2c1ccccc1)c1ccc(F)cc1;1
CN(C)CC1COC2(O1)c1c(cccc1)COc1c2cccc1;1
CCN(CC)C(=O)N1CCN(CCCc2nc3c(c(=O)n(C)c(=O)n3C)n2C)CC1;1
CC(C)(C)C(O)/C=C/c1ccc2OCOc2c1;1
NS(=O)(=O)c1ccc(-n2c(O)cc(-c3ccccc3)c2O)c(Cl)c1;1
CCS(=O)(=O)C(C)(C)S(=O)(=O)CC;1
COc1ccc(S(N)(=O)=O)cc1C(=O)NCC1CCCN1C;1
NS(=O)(=O)c1ccc(N2CCCCS2(=O)=O)cc1;1
CCN1CCCC1CNC(=O)c1c(OC)ccc(S(=O)(=O)CC)c1;1
CSCCC(NC(C)=O)C(=O)Oc1ccc(NC(C)=O)cc1;1
Oc1ccc(O)n1CC1CCC2CN(c3ncccn3)CCN2C1;1
CCC(=O)N1CCN(C(=O)OC2C3=C(SCCS3)C(=O)N2c2ccc3ccc(Cl)nc3n2)CC1;1
CN1CCN(C(=O)OC2C3=C(SCCS3)C(=O)N2c2ccc3ccc(Cl)nc3n2)CC1;1
Cn1nc(-c2cccc(F)c2)n(C)c1=S;1
O=C1CCC(n2c(O)c3c(c2O)C2CCC3C2)C(=O)N1;1
CNCCCC1(c2ccccc2)OC(C)(C)c2c1cccc2;1
CNCCCC1(c2ccccc2)SC(C)(C)c2c1cccc2;1
CC(C)NS(=O)(=O)CCN1C(=O)c2c(cccc2)C1=O;1
Cn1c(=O)c2c(ncn2CCN2CCC(c3c[nH]c4c3cccc4)CC2)n(C)c1=O;1
CNC1CCC(c2ccccc2)c2ccccc21;1
COc1ccc(C(O)CN2CCN(C(c3ccccc3)c3ccccc3)CC2)cc1OC;1
CN(C)CCCN1c2ccccc2C(c2ccccc2)=Nc2cccnc21;1
CCn1c2c(CCSC2(C)CCN(C)C)c2c1cccc2;1
Oc1c2c(c(O)n1CCCCN1CCN(c3ncccn3)CC1)[C@@H]1CC[C@H]2C1;1
COc1nc2nc(-c3noc(C)n3)cn2c2c1CCCC2;1
Cc1nc(C)c2CCC(=O)N(Cc3ccc(-c4ccccc4-c4n[nH]nn4)cc3)c2n1;1
CCCCCCSc1nsnc1C1=CCCN(C)C1;1
OCCN1CCN([C@@H]2C[C@@H](c3ccc(F)cc3)c3c2cc(C(F)(F)F)cc3)CC1;1
OCCN1CCN(CCCC2c3c(cc(F)cc3)Sc3c2cc(C(F)(F)F)cc3)CC1;1
O=C1NCCNC1c1cccs1;1
CCCN1CC=C(c2c[nH]c3ccc(Cl)cc23)CC1;1
CCN(CC)C(=O)N[C@H]1C[C@@H]2c3cccc4[nH]cc(c34)C[C@H]2N(C)C1;1
CCCC(CC)C1(CC)C(=O)NC(=O)NC1=O;1
O=C1NC(=O)C2(CCc3c(cccc3)C2)N1;1
O=C1CCC(N2C(=O)c3c(cccc3)C2=O)C(=O)N1;1
COc1c2OC3C(OC(C)=O)=CCC4C5Cc(c2C34CCN5C)cc1;1
C=CCC1(C2C=CCCC2)C(=O)NC(=S)NC1=O;1
C=CCC1(C(C)CCC)C(=O)NC(=S)NC1=O;1
CN(C)CCN1C(=O)CC(c2ccccc2)Sc2c1cccc2;1
CC(=O)OCCN1CCN(CCCN2c3c(cccc3)Sc3c2cc(Cl)cc3)CC1;1
CN1CCN(CCCN2c3c(cccc3)Sc3c2cc(S(=O)(=O)N(C)C)cc3)CC1;1
CN(C)c1nc(O)c(-c2ccccc2)o1;1
Cc1c(C(=CCCN2CCCC(C(=O)O)C2)c2c(C)ccs2)scc1;1
CN1c2c(cccc2)C(NCCCCCCC(=O)O)c2c(cc(Cl)cc2)S1(=O)=O;1
Cc1csc2ccc3[nH]c4c(CN(C)CC4)c3c12;1
S=C1NCCC(COc2ccccc2)O1;1
CCOC(=O)C1(c2ccccc2)CCC=CC1N(C)C;1
CN1CCN2c3c(ccc(F)c3)C(c3cccs3)=NCC2C1;1
O=C(CCCN1CCC(n2c(=S)[nH]c3c2cccc3)CC1)c1ccc(F)cc1;1
N=C1SCCN1c1ccc(Cl)cc1N;1
CSC(=O)C1(OC(C)=O)[C@@H](C)C[C@H]2[C@@H]3CC=C4CC(=O)C=C[C@]4(C)C3(F)[C@@H](O)C[C@@]21C;1
CCS(=O)(=O)CCn1c([N+](=O)[O-])cnc1C;1
CN1CC(CSc2ncccc2)C=C2c3cccc4c3c(c[nH]4)CC21;1
CCCSc1ccccc1N1CCN(CCCCn2c(=O)[nH]c3c(cccc3)c2=O)CC1;1
O=C1CC2(CCCC2)CC(=O)N1CCCCN1CCN(c2nsc3ccccc23)CC1;1
CCS[C@]1(SC)CC[C@H]2[C@@H]3CC=C4CC(=O)C=C[C@]4(C)[C@@]3(F)[C@@H](O)C[C@@]21C;1
COc1cc2c(cc1OC)S(=O)(=O)OC(C(=O)NC(C)CC(C)(C)N(C)C)C2;1
CC(Cc1ccccc1)NCCC1c2ccccc2Sc2c1cccc2;1
C[C@]12C[C@H](O)[C@H]3[C@@H](CC=C4CC(=O)CC[C@@]43C)[C@@H]1CC[C@]2(O)C(=O)CS;1
CC(C)(C)C(=O)SCC(=O)[C@@]1(O)CC[C@H]2[C@@H]3CC=C4CC(=O)CC[C@]4(C)[C@H]3[C@@H](O)C[C@@]21C;1
CNCCOC(c1ccccc1)c1ccccc1C;1
CCC1C(C)=NN=C(c2ccc(OC)c(OC)c2)c2c1cc(OC)c(OC)c2;1
Cc1c(OCC(COC(O)C(Cl)(Cl)Cl)OC(O)C(Cl)(Cl)Cl)cccc1;1
Cc1cc(N2CCN(CCc3n[nH]c(C)c3)CC2)ccc1;1
CCC1(O)CCN2CCc3c(cc(C)cc3)C2C1;1
Cc1ccc(S(=O)(=O)CCN2C(=O)CN=C(c3ccccc3Cl)c3c2ccc(Cl)c3)cc1;1
CCCCCC(=O)CC[C@]1(C)[C@@H]2Cc3c(cc(O)cc3)[C@@]1(C)CCN2C;1
CC1(C)O[C@@H]2CO[C@@]3(COS(N)(=O)=O)OC(C)(C)O[C@H]3[C@@H]2O1;1
CCCCNc1c(C(=O)OCC)c(C)nc2c1cnn2CC;1
CC1(C)O[C@@H]2CC3C4C[C@H](F)C5=CC(=O)C=CC5(C)[C@@]4(Cl)[C@@H](Cl)CC3(C)[C@]2(C(=O)CF)O1;1
COc1cccc([C@@]2(O)CCCC[C@@H]2CN(C)C)c1;1
CC1Oc2c(cccc2)CC1N(C)C;1
CCC(=O)N(c1c(F)cccc1)C1(c2ccccc2)CCN(CCn2nnn(CC)c2=O)CC1;1
CC(CNC(=O)c1ccccc1)C(=O)OCC(=O)[C@@]12OC(C)(C)O[C@@H]1C[C@H]1[C@@H]3CC=C4CC(=O)C=C[C@]4(C)[C@@]3(F)[C@@H](O)C[C@@]12C;1
CC1(C)O[C@@H]2C[C@H]3[C@@H]4CC=C5CC(=O)C=C[C@]5(C)[C@@]4(F)[C@@H](O)C[C@]3(C)[C@]2(C(=O)COC(=O)c2cc3ccccc3o2)O1;1
OC(Br)(Br)CBr;1
CCN(CC)C(=O)CNC(=O)c1cc(OC)c(OC)c(OC)c1;1
O=C1N(C(O)C(Cl)(Cl)Cl)CNC1(c1ccccc1)c1ccccc1;1
O=P(O)(O)OCC(Cl)(Cl)Cl;1
CC1(C)O[C@@H]2C[C@H]3C4C[C@H](F)C5=CC(=O)C=CC5(C)[C@@]4(Cl)[C@@H](Cl)CC3(C)[C@]2(C(=O)CCl)O1;1
N=C(N=O)c1[nH][nH]c2ccccc2n(Cc2ccccc2)c1O;1
COc1cc(C(=O)N2CCCCCCC2)cc(OC)c1OC;1
NC(Cc1c[nH]c2ccccc12)C(=O)O;1
C=CCON=C1CN=C(c2ccccc2Cl)c2cc(Cl)ccc2N1;1
CCCCN1C(=O)C2C(=O)N(CCCCN3CCN(c4ccccc4OC)CC3)C(=O)C(C1=O)C2(C)C;1
CCOC(N)=O;1
CC(C)C(N)C(=O)OCCOCn1cnc2c1[nH]c(N)nc2=O;1
CCCC(CCC)(CCC)C(N)=O;1
CC(C)C(N)C(=O)OCC(CO)OCn1cnc2c1[nH]c(N)nc2=O;1
CCCC(CCC)C(=O)OCOC(=O)C(C)(C)C;1
CC(=O)OCC1=CO[C@@H](OC(=O)CC(C)C)[C@H]2C1=C[C@H](OC(=O)CC(C)C)[C@]21CO1;1
Nc1c2c(nc3c1cccc3)CCCC2O;1
COc1ccc(C(CN(C)C)C2(O)CCCCC2)cc1;1
C=CCN1CCCC1CNC(=O)c1c(OC)c(OC)cc(S(N)(=O)=O)c1;1
C=CC(N)CCC(=O)O;1
CCOc1c(OCC2CNCCO2)cccc1;1
Cc1c(C)c2c(c(C)c1O)CC[C@@](C)(CCC[C@H](C)CCC[C@H](C)CCCC(C)C)O2;1
FC(F)(F)c1cc(C2=CCN(CCc3cc4ccccc4cc3)CC2)ccc1;1
OCCCN1CCN(CCCC2c3ccccc3Sc3ccc(Cl)cc32)CC1;1
C=C1C[C@H](C)[C@H]2[C@H]3Cc4c(cc(O)cc4)[C@@]2(CCN3CC2CCC2)C1;1
Cc1c(NC2=NCCCS2)c(C)ccc1;1
CC(C)C(CCCCCC(=O)O)NCc1ccc(F)cc1;1
Oc1c2c(c(O)n1CCCCN1CCN(c3ncccn3)CC1)[C@H]1C=C[C@@H]2[C@@H]2C=C[C@H]12;1
CC1(C)CN(CCN2CCN(c3cccc(Cl)c3)C2=O)C1;1
Oc1cc2cc(CCN3CCN(c4nsc5ccccc45)CC3)c(Cl)cc2[nH]1;1
Cc1nn(C)c2c1C(c1c(F)cccc1)=NCC(=O)N2C;1
COc1ccccc1N1CCN(CCc2oc(=O)[nH]c2-c2ccc(F)cc2)CC1;1
CC(c1noc2c1cc(Cl)cc2)n1ccnc1;1
CN1CCN(C(=O)OC2c3c(nccn3)C(=O)N2c2ncc(Cl)cc2)CC1;1
CN(C)CCOC1=Cc2c(cccc2)Sc2c1cc(Cl)cc2;1
CCN[C@H](Cc1ccccc1)[C@H]1CCCO1;1
CC(=O)c1cc2c(cc1)Sc1c(cccc1)N2CC(C)N(C)C;1
CN(C)Cc1nnc2CN=C(c3ccccc3)c3c(ccc(Cl)c3)-n21;1
C=CCn1c(O)c(CC(C)C)[nH]c1=S;1
C[C@@H]1C[C@H]2[C@H]3[C@H]([C@@H](O)C[C@]2(C)[C@@]1(O)C(=O)CO)[C@@]1(C)C=CC(=O)C=C1C[C@H]3Cl;1
C=CCC(N)Cc1ccccc1;1
CC(=O)[C@@]1(O)[C@H](O)C[C@H]2[C@@H]3CC=C4CC(=O)CC[C@]4(C)[C@H]3CC[C@@]21C;1
CC(CN(C)C)CN1c2c(cccc2)Sc2c1cccc2;1
CCOC(=O)c1[nH]c2cc(OC)c(OC)cc2c1CCN1CCN(c2ccccc2)CC1;1
CCC(=O)OC1(c2ccccc2)CCN(C)CC1C;1
CCCN(CCC)C(=O)Cc1c(-c2ccc(Cl)cc2)nc2ccc(Cl)cn12;1
CCCC(=O)O[C@]1(C(=O)COC(C)=O)CC[C@H]2[C@@H]3CC(C)=C4CC(=O)CC[C@]4(C)[C@H]3[C@@H](O)C[C@@]21C;1
CNCCCC1(C)C(=O)N(c2ccccc2)c2ccccc21;1
CCn1cc(C(=O)O)c(=O)c2c1nc(Cc1ccccc1)cc2;1
Cc1cc(N(C)C)ccc1C[C@H](C)N;1
CCC1(c2ccc(N)cc2)CCC(=O)NC1=O;1
CN(C)CC(CN1c2c(cccc2)Sc2c1cccc2)N(C)C;1
CN(C)C(=O)C1(c2ccc(Cl)cc2)CCN(CCCC(=O)c2ccc(F)cc2)CC1;1
Clc1cc2c(cc1)Oc1c(cccc1)N=C2N1CCNCC1;1
COc1ccccc1N1CCN(CCCC(O)c2ccc(F)cc2)CC1;1
CN1CCN2c3c(cccc3)Cn3cccc3C2C1;1
CCOC(=O)N1CCC(=O)N(c2ccccc2)c2c1ccc(Cl)c2;1
CN(C(=O)C(c1ccccc1)c1ccccc1)[C@H](CN1CC[C@H](O)C1)c1ccccc1;1
Cc1c(C)c2c(cc(OCc3nnc(C(C)C)s3)cc2)oc1=O;1
N#Cc1cc(-c2ccccc2)nnc1NCCN1CCOCC1;1
CCC(=O)OCC(=O)[C@@]1(OC(=O)CC)[C@@H](C)C[C@H]2[C@@H]3CC=C4CC(=O)C=C[C@]4(C)[C@@]3(Cl)[C@@H](O)C[C@@]21C;1
O=C(c1cc2c(cccc2)o1)N1CCN(Cc2ccccc2)CC1;1
Cc1c2Oc3ccccc3[C@@]3(O)CCN(C)C[C@H]3c2ccc1;1
CC(NNC(=O)c1ccccc1)c1ccccc1;1
CCC1(c2ccccc2)C(=O)NC(=O)N(C(=O)c2ccccc2)C1=O;1
O=C(OC1CN2CCC1CC2)c1ccccc1;1
CNCC12CCC(c3ccccc31)c1c2cccc1;1
CC(Cc1ccccc1)N(C)Cc1ccccc1;1
CCCN(c1ccncc1)n1ccc2c1cccc2;1
CCC(O)C(CC(C)N(C)C)(c1ccccc1)c1ccccc1;1
CC(=O)OCC(=O)[C@@]1(OC(=O)C(C)C)[C@@H](C)C[C@H]2[C@@H]3CC=C4CC(=O)C=C[C@]4(C)[C@@]3(F)[C@@H](O)C[C@@]21C;1
CC(=O)OCC(=O)[C@@]1(O)[C@@H](C)C[C@H]2[C@@H]3CC=C4CC(=O)C=C[C@]4(C)[C@@]3(F)[C@@H](O)C[C@@]21C;1
CCC(=O)OCC(=O)[C@@]1(OC(=O)CC)[C@@H](C)C[C@H]2[C@@H]3CC=C4CC(=O)C=C[C@]4(C)[C@@]3(F)[C@@H](O)C[C@@]21C;1
CNCCCCOc1ccccc1Cc1ccccc1;1
CN(C)CCN(C)n1cc(-c2ccccc2)c2c1cccc2;1
C=CCC1(CC(=C)Br)C(=O)NC(=O)NC1=O;1
CCn1nnn(CCN2CC[C@H](N(C(=O)COC)c3c(F)cccc3)[C@H](C)C2)c1=O;1
COc1cc2c(oc(C3CCNCC3)c2)c(Br)c1;1
CN(C)C(=O)CCNc1ccc(Br)cc1;1
CN(C)CCOC(c1ccccc1)c1ccc(Br)cc1;1
CCN(CC)CCNC(=O)c1c(OC)cc(N)c(Br)c1;1
CCCCCCCCCC(=O)OC1(c2ccc(Br)cc2)CCN(CCCC(=O)c2ccc(F)cc2)CC1;1
CCCC1O[C@@H]2C[C@H]3[C@@H]4CC=C5CC(=O)C=C[C@]5(C)[C@H]4[C@@H](O)C[C@]3(C)[C@]2(C(=O)CO)O1;1
CC(C)(C)N1CCC(c2ccccc2)(c2ccccc2)CC1;1
CN(C)CCOC(c1ccccc1)c1ccccc1C(C)(C)C;1
O=C1CC2(CCCC2)CC(=O)N1CCCCN1CCN(c2ncccn2)CC1;1
C=CCC1(CC(C)C)C(=O)NC(=O)NC1=O;1
CCCCNCC1COc2c(cccc2)O1;1
CC(CC1c2c(cccc2)CCc2ccccc21)CN(C)C;1
CCOC(=O)NNC(C)c1ccccc1;1
CCOC(=O)NC(O)C(Cl)(Cl)Cl;1
CCC(Br)(CC)C(=O)NC(N)=O;1
CCC(=O)N(c1ccccc1)C1(C(=O)OC)CCN(CCc2ccccc2)CC1;1
NC(=O)C1(N2CCCCC2)CCN(CCCN2c3c(cccc3)CCc3c2cccc3)CC1;1
Fc1cc2c(cc1)[nH]c1c2CN(CCc2ccncc2)CC1;1
CN(C)C(C)(CO)Cc1cc(Cl)c(Cl)cc1;1
CN1CCN(C(c2ccccc2)c2ccc(Cl)cc2)CC1;1
CCCC(O)Cl;1
CC(=O)OCC(=O)[C@@]1(O)CC[C@H]2[C@@H]3C[C@H](Cl)C4=CC(=O)C=C[C@]4(C)C3C(=O)C[C@@]21C;1
COC(=O)C1[C@H]2C[C@@H]3c4[nH]c5ccc(Cl)cc5c4CCN3C[C@H]2C[C@@H](OC(=O)c2cc(OC)c(OC)c(OC)c2)[C@@H]1OC;1
NC(=O)OCC(O)COc1ccc(Cl)cc1;1
CN(C)CCOC(C)(c1ccccc1)c1ccc(Cl)cc1;1
O=C1NC(CCCl)Oc2ccccc12;1
CN(C)CCCN1c2c(cccc2)CCc2c1cc(C#N)cc2;1
OC1(c2cccc(Cl)c2)C2=NCCCN2c2c1cccc2;1
CNC1CCN2c3c(cccc3)CCc3c2c1ccc3;1
CN(C)CCC=C1c2ccccc2COc2ccccc12;1
COc1c(OC)cc([C@H](O)CN2CCN(c3cccccc3=O)CC2)cc1;1
CN(C/C=C/c1ccccc1)CCOC(c1ccccc1)c1ccccc1;1
CCOc1cc(N)c([N+](=O)[O-])cc1C(=O)NC1CCN(CC2CC=CCC2)CC1;1
O=C1CCC(c2ccccc2)(C2CCN(C/C=C/c3ccccc3)CC2)C(=O)N1;1
CCNC(=O)/C=C/c1cc(Br)ccc1;1
COc1c(OC)c(OC)cc(/C=C/C(N)=O)c1;1
O=C(CCCN1CCN(c2cc3ccccc3cn2)CC1)c1ccc(F)cc1;1
CN(C)CCCC1(c2ccc(F)cc2)OCc2c1ccc(C#N)c2;1
NC(=O)C1=c2ccccc2=CCc2ccccc21;1
CN1C(=O)CN2CCc3ccccc3C2c2c1ccc(Cl)c2;1
CN(C)CC(O)C(c1ccccc1)c1ccc(Cl)cc1;1
Cc1ncc2CN=C(c3ccccc3Cl)c3c(ccc(Cl)c3)-n21;1
CC1CC2C3CC=C4CC(=O)C=CC4(C)[C@@]3(F)C(O)CC2(C)[C@@]1(O)C(=O)CCl;1
CCC(=O)O[C@]1(C(=O)CCl)[C@@H](C)C[C@H]2[C@@H]3CC=C4CC(=O)C=C[C@]4(C)[C@@]3(F)[C@@H](O)C[C@@]21C;1
CCN(CC)CCNC(=O)COc1ccc(Cl)cc1;1
CN(C)CCCC1c2c(cccc2)Nc2c1cc(Cl)cc2;1
CN1CCC(=C2c3ccccc3Oc3ccc(Cl)cc23)CC1;1
CN1CCN(C2=Nc3c(cccc3)Sc3c2cc(Cl)cc3)CC1;1
COCCCCC(=NOCCN)c1ccc(Cl)cc1;1
O=C1CN2CCOC2(c2c(Cl)cccc2)c2c(ccc(Cl)c2)N1;1
OCCN1CCN(CCCN2c3c(cccc3)Sc3c2ncc(Cl)c3)CC1;1
CC(=O)OCC(=O)C1(O)C(C)CC2C3CC(F)(F)C4=CC(=O)C=CC4(C)C3(F)C(O)CC21C;1
C/C=C/C(=O)N(CCC)C(CC)C(=O)N(C)C;1
CC(CN(C)C)CN1c2c(cccc2)Sc2c1cc(C#N)cc2;1
Oc1nc(NC2CC2)oc1-c1ccccc1;1
NC1CCCC1c1ccccc1;1
ON1CC(=NCC2CC2)N=c2ccc(Cl)cc2=C1c1ccccc1;1
CN1CCCc2cccc(OCC3CNCCO3)c21;1
CNCCCC1(C)CN(c2ccccc2)c2c1cccc2;1
CN(C)CC1=Cc2c(cccc2)Sc2c1cccc2;1
CN1CCC(=C2c3c(cccc3)C(O)c3c2cccc3)CC1;1
CN(C)[C@@H](CCOc1cccc2ccccc12)c1ccccc1;1
CC1=Nc2ccccc2CC(c2ccccc2)N1C;1
O=C(c1ccc(F)cc1)C1CCN(CCCn2c(=O)[nH]c3c2cccc3)CC1;1
CC(=O)OCC(=O)[C@@]12N=C(C)O[C@@H]1C[C@H]1[C@@H]3CC=C4CC(=O)C=C[C@]4(C)[C@H]3[C@@H](O)C[C@@]12C;1
CN1C[C@@H](CC#N)CC2c3c4c(c[nH]c4ccc3)C[C@H]21;1
O=C1CN=C(c2ccccc2Cl)c2c(ccc(Cl)c2)N1;1
CNCCON=c1c2c(cccc2)ccc2c1cccc2;1
OC(Cn1ccnc1)c1ccc(CCc2ccccc2)cc1;1
CN(C)CCCN1c2c(C=Cc3c1cccc3)cccc2;1
FC(F)OC(F)C(F)(F)F;1
CN1CCC23c4c5ccc(O)c4OC2CCCC3C1C5;1
CC(C)[C@@]1(O)CCN2C[C@@H]3c4c(cccc4)CCc4c3c(ccc4)[C@H]2C1;1
CC(CN1CCOCC1)C(C(=O)N1CCCC1)(c1ccccc1)c1ccccc1;1
CN1CC[C@@]23CCCC[C@@H]2[C@@H]1Cc1c3cc(O)cc1;1
NC(=O)N1CC(Oc2cccc(C(F)(F)F)c2)C1;1
CC12CCCCCC(Cc3ccc(O)cc31)C2N;1
C=CCN1CCC23c4c5ccc(OC(C)=O)c4OC2C(OC(C)=O)C=CC3C1C5;1
CN(C)CCN1C(=O)c2c(cccc2)N(C)c2c1cccc2;1
Cc1cc2c(cc1)NC1CCN(C)CC21;1
CN1C(=O)CCS(=O)(=O)C1c1cc(Cl)c(Cl)cc1;1
COc1cc2c(cc1)C(c1cc(Cl)c(Cl)cc1)CN(C)C2;1
CCN(CC)CCN1c2c(cccc2)Sc2c1cccc2;1
Clc1ccc(C(OCCN2CCOCC2)c2ccccc2)cc1;1
CC(=O)OCC(=O)[C@@]1(OC(C)=O)[C@@H](C)C[C@H]2[C@@H]3C[C@H](F)C4=CC(=O)C=C[C@]4(C)[C@@]3(F)[C@@H](O)C[C@@]21C;1
CCCC(=O)O[C@]1(C(=O)COC(C)=O)CC[C@H]2[C@@H]3C[C@H](F)C4=CC(=O)C=C[C@]4(C)[C@@]3(F)[C@@H](O)C[C@@]21C;1
Cc1cc2c(cc1)C[C@H]1[C@H]3CCCC[C@@]23CCN1C;1
COc1cc2c(cc1)Oc1c(cccc1)/C2=C\CCN(C)C;1
C[C@@H]1C[C@H]2[C@@H]3CC=C4CC(=O)C=C[C@]4(C)[C@@]3(F)[C@@H](O)C[C@]2(C)[C@@]1(C)C(=O)CO;1
CN(C)CCCN1c2c(cccc2)C(C)(C)c2c1cccc2;1
C=C(C)CNCC(=O)N(C)c1ccc(Cl)cc1C(=O)c1ccccc1;1
NC(=O)Cn1c(O)c(-c2ccccc2)c2ccccc21;1
CN(C)CC/C=C1/c2ccccc2CSc2ccccc12;1
O=C1C(O)N=C(c2ccccc2F)c2c(ccc(Cl)c2)N1CCO;1
O=C1NCNC1(c1ccccc1)c1ccccc1;1
CC(=O)[C@@]1(O)[C@@H](C)C[C@H]2[C@@H]3CC=C4CC(=O)C=C[C@]4(C)[C@@]3(F)[C@@H](O)C[C@@]21C;1
CC1(C)O[C@@H]2C[C@H]3C4CCC5CC(=O)CCC5(C)[C@@]4(F)[C@@H](O)CC3(C)[C@]2(C(=O)CO)O1;1
CN(C(=O)CN(CCO)CCO)c1ccc(Cl)cc1C(=O)c1c(Cl)cccc1;1
Cn1cc(CCN2CCN(c3c(Cl)cccc3)CC2)cn1;1
C=C1c2c(cccc2)CN(CCCN(C)C)c2c1cccc2;1
O=C(NCCCN1CCOCC1)c1ccc(Cl)cc1;1
CN1CCC2(C)CC(Cc3c2cc(O)cc3)C1;1
CCC1(c2ccccc2)C(=O)N(COC)C(=O)N(COC)C1=O;1
CCn1c(O)c(-c2ccccc2)[nH]c1=O;1
CCOC(O)c1nc(-c2ccccc2F)c2cc(Cl)ccc2nc1=O;1
CCc1cc2c(s1)-n1c(C)nnc1CN=C2c1ccccc1Cl;1
CNC1CCc2c(C1)scn2;1
CCC(N)Cc1c[nH]c2c1cccc2;1
O=C(CCCl)NCCc1ccccc1;1
Oc1ccccc1-c1nnco1;1
CN(C)CCCn1cc(-c2ccccc2)c(-c2ccccc2)n1;1
Fc1ccccc1C1=NCCN(CC(F)(F)F)c2c1cc(Cl)cc2;1
COc1c(N2CCN(CCCC(=O)c3ccc(F)cc3)CC2)cccc1;1
CN(C)C1CCc2c(C1)c1cc(F)cc(F)c1[nH]2;1
C#CC1(OCC(O)CN2CCN(c3ccc(F)cc3)CC2)CCCCC1;1
CN1C(=O)CN=C(c2ccccc2F)c2c1ccc(Cl)c2;1
C[C@@H]1C[C@H]2[C@@H]3C[C@H](F)C4=CC(=O)C=C[C@]4(C)[C@@]3(F)[C@@H](O)C[C@]2(C)[C@@]1(O)C(=O)CO;1
C[C@@H]1C[C@H]2C3C[C@H](F)C4=CC(=O)C=CC4(C)[C@@]3(F)[C@@H](O)CC2(C)[C@@]1(O)C(=O)COC(=O)C(C)(C)C;1
CC1(C)O[C@@H]2CC3[C@@H]4C[C@H](F)C5=CC(=O)C=CC5(C)[C@H]4[C@@H](O)C[C@]3(C)[C@]2(C(=O)CO)O1;1
CC(=O)OCC(=O)[C@@]12OC(C)(C)O[C@@H]1CC1C3C[C@H](F)C4=CC(=O)C=CC4(C)[C@H]3C(O)CC12C;1
C[C@]12C[C@H](O)[C@@]3(F)[C@@H](C[C@H](F)C4=CC(=O)C=C[C@@]43C)[C@@H]1C[C@@H](O)[C@]2(O)C(=O)CO;1
CC1(C)O[C@@H]2C[C@H]3[C@@H]4C[C@H](F)C5=CC(=O)C=C[C@]5(C)[C@@]4(F)[C@@H](O)C[C@]3(C)[C@]2(C(=O)CO)O1;1
CCCCOC(=O)C(=O)C1[C@H](C)C[C@H]2[C@@H]3C[C@H](F)C4=CC(=O)C=C[C@]4(C)[C@H]3[C@@H](O)C[C@]12C;1
C[C@@H]1C[C@H]2[C@@H]3C[C@H](F)C4=CC(=O)C=C[C@]4(C)[C@H]3[C@@H](O)C[C@]2(C)C1C(=O)CO;1
CC(=O)[C@@]1(O)CC[C@H]2[C@@H]3CC(C)=C4CC(=O)C=C[C@]4(C)[C@@]3(F)[C@@H](O)C[C@@]21C;1
CN1CCN(C2=Nc3c(ccc(F)c3)Cc3c2cccc3)CC1;1
CC(=O)OC(C)C(=O)[C@@]1(O)CC[C@H]2[C@@H]3CC=C4CC(=O)C=C[C@]4(C)[C@@]3(F)[C@@H](O)C[C@@]21C;1
C=C1C[C@H]2[C@@H]3CC=C4CC(=O)C=C[C@]4(C)[C@@]3(F)C(O)C[C@]2(C)[C@@]1(O)C(=O)CO;1
C[C@]12C[C@H](O)[C@H]3[C@@H](C[C@H](F)C4=CC(=O)C=C[C@@]43C)[C@@H]1CC[C@]2(O)C(=O)CO;1
CCCCC(=O)O[C@]1(C(=O)CO)CCC2C3CC(F)C4=CC(=O)C=CC4(C)C3C(O)CC21C;1
CNCCSC1=Cc2c(ccc(F)c2)Oc2ccccc12;1
CC1(C)O[C@@H]2C[C@H]3[C@@H]4C[C@H](F)C5=CC(=O)CC[C@]5(C)[C@H]4[C@@H](O)C[C@]3(C)[C@]2(C(=O)CO)O1;1
O=C(CCCN1CCC2(CC1)C(=O)NCN2c1ccc(F)cc1)c1ccc(F)cc1;1
O=C1CN=C(c2ccccc2F)c2c(ccc(Cl)c2)N1CC1CC1;1
CC(Cc1ccccc1)N(C)Cc1ccco1;1
COc1ccc2CN(C)CC[C@@]34C=C[C@H](O)C[C@@H]3Oc1c24;1
CN(C)CCC(c1ccccc1)C1CCCCC1;1
N=C(N)NCCCOc1ccccc1;1
O=C1CN=C(c2ccccc2)c2c(ccc(Cl)c2)N1CC(F)(F)F;1
C[C@@H]1CC2[C@@H]3C[C@H](F)C4=CC(=O)C(Cl)=C[C@]4(C)[C@@]3(F)[C@@H](O)C[C@]2(C)[C@@]1(O)C(=O)CO;1
CCC1(C2=CCCCCC2)C(=O)NC(=O)NC1=O;1
CN1CCC(OC2c3c(cccc3)CCc3c2cccc3)CC1;1
CN1CCCN(C(c2ccccc2)c2ccc(Cl)cc2)CC1;1
OCCN1CCCN(CCCN2c3c(cccc3)Sc3c2cc(C(F)(F)F)cc3)CC1;1
CC(=O)OCC(=O)[C@@]1(O)CC[C@H]2[C@@H]3CC=C4CC(=O)CC[C@]4(C)[C@H]3[C@@H](O)C[C@@]21C;1
CCCC(=O)O[C@]1(C(=O)COC(=O)CC)CC[C@H]2[C@@H]3CC=C4CC(=O)CC[C@]4(C)[C@H]3[C@@H](O)C[C@@]21C;1
CCCC(=O)O[C@]1(C(=O)CO)CC[C@H]2[C@@H]3CC=C4CC(=O)CC[C@]4(C)[C@H]3[C@@H](O)C[C@@]21C;1
CN1CC[C@]23c4c5ccc(O)c4OC2C(=O)CC[C@H]3[C@H]1C5;1
CCOC(=O)C1(c2cc(O)ccc2)CCN(C)CC1;1
CCCC(=O)O[C@]1(C(=O)COC(C)=O)[C@H](C)C[C@H]2[C@@H]3CC=C4CC(=O)C=C[C@]4(C)[C@@]3(Cl)[C@@H](O)C[C@@]21C;1
CCC1(c2ccccc2)NCC(=O)NC1=O;1
c1cc2c(cc1)c(CCC1CCNCC1)c[nH]2;1
CN(C)CC#CC=C1c2ccccc2C=Cc2ccccc12;1
CN(C)CCCn1c2c(CCCCCC2)c2c1cccc2;1
CC(C)NNC(=O)c1ccncc1;1
CCC(=O)C(c1ccccc1)(c1ccccc1)C(C)CN(C)C;1
C=C1CC2C3=CC=C4CC(=O)CCC4(C)C3C(O)CC2(C)[C@@]1(O)C(=O)CO;1
CCN(CC)C(C)CN1c2c(cccc2)Sc2c1cccc2;1
CN(C)CCCN1c2c(cccc2)CC(=O)c2c1cccc2;1
O=C1CC[C@H]2[C@H]3Cc4c(c(O)ccc4)[C@@]2(CCN3CC2CC2)C1;1
NC(Cc1cc(O)c(O)cc1)C(=O)O;1
COc1cc2c(cc1)Sc1c(cccc1)N2C[C@H](C)CN(C)C;1
CNC[C@H](O)CC12CCC(c3ccccc31)c1c2cccc1;1
CCO[C@H]1CCN(C(=O)c2c3-c4cc(Cl)ccc4CCn3c(=O)c(-c3ccccc3)c2)C1;1
c1cc2c(cc1)cc(COC1CCNCC1)cc2;1
CN1C(CC(=O)c2ccccc2)CCCC1CC(O)c1ccccc1;1
OC1CCN(c2nnc(-c3c(Cl)cccc3)cc2)CC1;1
Clc1ccc(N2CCN(C/C=C/c3ccccc3)CC2)nn1;1
Cl/C(=C\n1cncn1)c1c(Cl)cc(Cl)cc1;1
CN1C[C@@H]2[C@@H](Cc3c(cc(Cl)cc3)[C@H]2c2ccccc2)C1;1
CN1CCC2=C(CC1)c1c(cccc1)Oc1c2cccc1;1
CC(C)Oc1c(N2CCN(Cc3cc(C(=O)N4CCCCC4)ccc3)CC2)cccc1;1
CN(C)CC(Oc1ccccc1)Oc1ccccc1;1
COc1c(OC)cc(CCN2CCN(c3cc(Cl)ccc3)CC2)cc1;1
CN1C(=O)C=NC(=C2CCCCC2)c2cc([N+](=O)[O-])ccc21;1
CCC1(c2ccccc2)NC(=O)N(C)C1=O;1
CCC1(c2ccccc2)C(=O)NC(=O)N(C)C1=O;1
Cc1cc(CCN2CCN(c3cccc(Cl)c3)CC2)[nH]n1;1
C[C@H]1C[C@H]2[C@@H]3CC=C4CC(=O)C=C[C@]4(C)C3C(=O)C[C@]2(C)[C@@]1(O)C(=O)CO;1
COCC1CN=C(c2ccccc2Cl)c2c(ccc(Br)c2)N1C;1
CC(C(=O)c1ccccc1)N(C)C;1
CNC1Cc2c(cccc2)N(C)c2c1cccc2;1
Cc1cc(C)cc(OCC2CNC(=O)O2)c1;1
CC1C2Cc3c(cc(O)cc3)C1(C)CCN2C;1
CCC1(c2ccccc2)C(=O)NC(=O)N1C;1
CC1(C)NC(=O)C(/C=C/c2ccccc2)O1;1
CSc1cc2c(cc1)Sc1c(cccc1)N2CC(C)CN(C)C;1
CN1C(=O)CC(C)(c2ccccc2)C1=O;1
CC(=O)OCC(=O)[C@@]1(O)CC[C@H]2[C@@H]3CC(C)=C4CC(=O)C=C[C@]4(C)[C@H]3[C@@H](O)C[C@@]21C;1
CC1=C2CC(=O)C=C[C@]2(C)[C@H]2[C@@H](O)C[C@@]3(C)[C@@H](CC[C@]3(O)C(=O)COC(=O)CCC(=O)O)[C@@H]2C1;1
CSc1cc2c(cc1)Sc1c(cccc1)CC2N1CCN(C)CC1;1
COC(=O)c1cncn1C(C)c1ccccc1;1
CNCCCN1Cc2c(cccc2)Cc2c1cccc2;1
Cc1ncc2CN=C(c3ccccc3F)c3c(ccc(Cl)c3)-n21;1
O=C(c1ccc(F)cc1)C1CCN(CCCn2c(=O)[nH]c3c2ccc(Cl)c3)CC1;1
COc1cc2c(cc1OC)c(CCN1CCN(c3ccccc3OC)CC1)c(C)[nH]2;1
CCN(CC)C(=O)[C@]1(c2ccccc2)C[C@@H]1CN;1
COc1cc2c(cc1)c(C1CCN(CCCC(=O)c3ccc(F)cc3)CC1)c(C)[nH]2;1
O=C(c1ccco1)N(c1nccnc1)C1CCN(CCc2ccccc2)CC1;1
Cc1nccnc1N1CCCCC1;1
NC/C(=C/F)CCc1ccc(F)cc1;1
CCc1c(C)[nH]c2c1C(=O)C(CN1CCOCC1)CC2;1
CN(C)CC[C@]1(c2ccccc2)CCc2c(cccc2)C1=O;1
c1ccc(C2CCN(CC3CCCc4c5OCOc5ccc43)C2)cc1;1
CC1CN(C)CC2Cc3c4ccccc4ccc3OC12O;1
C=CCC1(CC(C)(C)C)C(=O)NC(=O)NC1=O;1
NCC1CC(=O)N(Cc2ccccc2)C1;1
CN1CCOC(c2ccccc2)c2c(cccc2)C1;1
CNc1cc(OC)c(C(=O)N[C@@H]2CCN(Cc3ccccc3)[C@@H]2C)cc1Cl;1
COc1c(OC)cc2C(c3ccc(N)cc3)=NN=C(C)Cc2c1;1
COc1c2OC3C(OC(=O)c4cnccc4)CCC4C5Cc(c2C43CCN5C)cc1;1
O=C(CCCN1CC2CCC(CC2)C1)c1ccc(F)cc1;1
COc1c2OC3C(O)C=CC4C5Cc(c2C43CCN5)cc1;1
CCC(=O)C(CCN(C)C)(c1ccccc1)c1ccccc1;1
COCC(=O)N(c1ccccc1F)C1CCN(CCc2ccccc2)CC1;1
CN1CCc2cc(Cl)c(O)cc2C(c2cccc3c2OCC3)C1;1
Cc1cc2c(s1)Nc1ccccc1N=C2N1CCN(C)CC1;1
OCCN1CCN(CCCN2c3c(C=Cc4c2cccc4)cccc3)CC1;1
NC(=O)C1CCCCO1;1
C[C@@H]1CN2CC(=O)Nc3c(cc(Cl)cc3)[C@]2(c2ccccc2)O1;1
Oc1cc2c(cc1)C[C@H]1N(CC3CC3)CC[C@@]23CCCC[C@@]13O;1
CC(CN(C)C)CN1c2c(cccc2)S(=O)(=O)c2c1cccc2;1
COc1cc2c(cc1OC)c(CCN1CCN(c3ccccc3)CC1)c(C)[nH]2;1
COc1cc2c(cc1)Sc1c(cccc1)N2CCC1CCCCN1C;1
CCC1(C)OC(=O)N(C)C1=O;1
C[C@@H]1C[C@H]2[C@@H]3C[C@H](F)C4=CC(=O)C=C[C@]4(C)[C@H]3[C@@H](O)C[C@]2(C)[C@@]1(O)C(=O)CO;1
CCC(=O)Nc1ccc(O)cc1;1
NC(=O)CN1C(=O)COc2c1cccc2;1
Nc1nc(=O)c2c([nH]1)n(CCC(CO)CO)cn2;1
CC(C)CCNCC1COc2ccccc2O1;1
C1CCc2nnnn2CC1;1
N#Cc1cc2c(cc1)Sc1c(cccc1)N2CCCN1CCC(O)CC1;1
COc1cc2c(cc1)Sc1c(cccc1)N2CC(C)CN1CCC(O)CC1;1
OC(CN1CCCCC1)c1noc(-c2ccccc2)c1;1
CC(=O)OC(c1ccccc1)C1CCCCN1;1
CC(C)(O)C(C)(O)c1ccc(Cl)cc1;1
C[C@H]1[C@H](c2ccccc2)OCCN1C;1
CC(Cc1ccccc1)NN;1
Oc1cc2c(cc1)CC1C3CCCCC23CCN1CCc1ccccc1;1
CN1CCC(=C2c3c(cccc3)Sc3c2cccc3)CC1;1
CCOC(=O)C1(c2ccccc2)CCN(CCCNc2ccccc2)CC1;1
C#CCN1C(=O)CN=C(c2ccccc2)c2c1ccc(Cl)c2;1
CN(C)S(=O)(=O)c1cc2c(cc1)Sc1c(cccc1)N2CCCN1CCC(CCO)CC1;1
OC(c1ccccc1)(c1ccccc1)C1CCCCN1;1
c1cnc(N2CCN(Cc3ccc4OCOc4c3)CC2)nc1;1
CN1CCC(=C2c3c(cccc3)CCc3c2ccs3)CC1;1
CN(C)CCCN1c2c(cccc2)CCc2c1cccc2;1
CC(=O)OCC(=O)[C@@]1(O)CC[C@H]2[C@@H]3CC=C4CC(=O)C=C[C@]4(C)[C@H]3[C@@H](O)C[C@@]21C;1
C[C@]12C[C@H](O)[C@H]3[C@@H](CC=C4CC(=O)C=C[C@@]43C)[C@@H]1CC[C@]2(O)C(=O)COC(=O)CCC(=O)O;1
CCCCC(=O)OC1(C(=O)CO)CCC2C3CC=C4CC(=O)C=CC4(C)C3C(O)CC21C;1
Cc1c2C(c3ccccc3)=NCC(=O)Nc2cn1C;1
COc1ccc(C#N)cc1C(=O)NCCN1CCC(C(=O)c2ccc(F)cc2)CC1;1
CCC(=O)OCC(=O)[C@@]12OC(C)(C)O[C@@H]1CC1C3C[C@H](F)C4=CC(=O)C=CC4(C)[C@@]3(F)C(O)CC12C;1
CCCNC(=O)N1CC(c2ccccc2)OC1=O;1
CC(CN1c2c(cccc2)Sc2c1cccc2)N(C)C;1
CCCOC(=O)c1cncn1C(C)c1ccccc1;1
CCCN1CCCC1CNC(=O)c1c(OC)ccc(S(N)(=O)=O)c1;1
CN(C)CCCN1c2c(cccc2)Sc2c1nccc2;1
CCC1(CC)C(=O)CC=NC1=O;1
CCCC(C(=O)c1ccc(C)cc1)N1CCCC1;1
c1cc2c(cc1)N(C1CN3CCC1CC3)c1c(cccc1)CC2;1
Cc1c(NC(=O)/C=C2\SCC(=O)N2C)c(Cl)ccc1;1
Cc1[nH]nc2c1N(c1ccccc1)C(=O)CC(=O)N2C;1
CCOc1ccccc1O[C@@H](c1ccccc1)[C@@H]1CNCCO1;1
CCN1CCC[C@H]1CNC(=O)c1c(OC)ccc(Br)c1OC;1
O=C1c2c(cccc2)S(=O)(=O)N1CCCN1CCN(c2ncccn2)CC1;1
CN1CCN(C2=Cc3c(ccc(Cl)c3)/C(=C\C#N)c3c2cccc3)CC1;1
Nc1nc2c(cc(OC(F)(F)F)cc2)s1;1
COC(F)(F)C(F)Br;1
COc1c(OC)c(OC)cc(C(=O)/C=C/N2CC=CC2)c1;1
O=C1CCC2CCC(=O)N12;1
Cc1cccc(/C=N/N2CCN(C(c3ccccc3)c3ccccc3)CC2)n1;1
NC(=O)c1cn(Cc2c(F)cccc2F)nn1;1
CN(c1nc2c(cccc2)s1)C1CCN(CC(O)COc2ccc(F)cc2)CC1;1
NCCC(Oc1ccc(C(F)(F)F)cc1)c1ccccc1;1
Cc1c(CCN2CCC(C(=O)c3ccc(F)cc3)CC2)c(=O)n2CCSc2n1;1
CN1CCN(c2nc(N)c(-c3cc(Cl)cc(Cl)c3Cl)cn2)CC1;1
Clc1ccc([C@@H]2[C@H]3CC[C@@H](C3)C23CCC(N2CCOCC2)=N3)cc1;1
O=C1NCN(c2ccccc2)C12CCN(CC1COc3c(cccc3)O1)CC2;1
CN1C(=S)CN=C(c2ccccc2)c2c1ccc(Cl)c2;1
CCC(C)(S(=O)(=O)CC)S(=O)(=O)CC;1
CCN1CCCC1CNC(=O)c1c(OC)ccc(S(N)(=O)=O)c1;1
O=C1NCCCC1N1C(=O)c2c(cccc2)S1(=O)=O;1
c1cc2c(cc1)C1CN3CCCCC3c3cccc(c31)CC2;1
C=CCC1(C(C)CC)C(=O)NC(=O)NC1=O;1
CN1CCN(C2=Nc3cscc3/C(=C/C#N)c3cscc23)CC1;1
c1csc(Cc2c(OCC3CNCCO3)cccc2)c1;1
CN1C(=O)C=NC(=C2CCCCC2)c2cc(Cl)ccc21;1
CCCC(CC)C1(CC)C(=O)NC(=S)NC1=O;1
CCN(CC)CCNC(=O)c1c(OC)ccc(S(C)(=O)=O)c1;1
CCC(=O)O[C@]1(C(=O)SC)[C@H](C)CC2C3C[C@H](F)C4=CC(=O)C=CC4(C)[C@@]3(F)[C@@H](O)C[C@@]21C;1
CN(C)CCCN1c2c(C=Cc3c1ccs3)cccc2;1
CCN1CCc2c(C1)c1c3c(C)csc3c(F)cc1[nH]2;1
CCNC1(c2cccs2)CCCCC1=O;1
CSC(=O)C1(O)C(C)CC2C3CC=C4CC(=O)C=CC4(C)C3(F)C(O)CC21C;1
CCCC1(C)COB(c2ccc(C)cc2)OC1;1
Cc1cccc(N2CC(CO)OC2=O)c1;1
CNCC[C@@H](Oc1c(C)cccc1)c1ccccc1;1
Cc1c(N2CCN(CCCOc3ccccn3)CC2)cccc1;1
COc1c(OC)cc2c(c1)CCN(C)C[C@@H]2c1ccccc1;1
CC1(C)O[C@@H]2C[C@H]3[C@@H]4CC=C5CC(=O)C=C[C@]5(C)[C@@]4(F)[C@@H](O)C[C@]3(C)[C@]2(C(=O)CO)O1;1
CC(=O)OCC(=O)[C@@]1(O)[C@H](OC(C)=O)C[C@H]2[C@@H]3CC=C4CC(=O)C=C[C@]4(C)[C@@]3(F)[C@@H](O)C[C@@]21C;1
CC(C)(C)CC(=O)OCC(=O)[C@@]12OC(C)(C)O[C@@H]1C[C@H]1[C@@H]3CC=C4CC(=O)C=C[C@]4(C)[C@@]3(F)[C@@H](O)C[C@@]12C;1
O=C(Nc1ccc(O)cc1)C(Cl)(Cl)Cl;1
CN1C(=O)CC(=O)N(c2ccccc2)c2c1ccc(C(F)(F)F)c2;1
CC(CN(C)C)CN1c2ccccc2Sc2c1cc(C(F)(F)F)cc2;1
CN1CCN(CCCN2c3c(cccc3)Sc3c2cc(C(F)(F)F)cc3)CC1;1
CN1C(=O)OC(C)(C)C1=O;1
COc1c(OC)c(C(=O)NC2C[C@@H]3CC[C@H](C2)N3Cc2ccccc2)ccc1;1
CN1c2ccccc2C(c2ccccc2Cl)=NCC1(Cl)CO;1
CC1CC2C3CC(F)C4=CC(=O)C=CC4(C)C3(F)C(O)CC2(C)C1(O)C(=O)CCl;1
C=CCC(CC)(CC)C(N)=O;1
CCC(C)C(CC)C(N)=O;1
CO[C@@H]1O[C@H]2O[C@]3(CN4CCCCC4)[C@@H](O)C[C@@H]([C@H]13)[C@H]2C;1
CCCC(CCC)C(N)=O;1
CC/C=C(\C)C1(CC)C(=O)NC(=O)NC1=O;1
C=CC1(C(C)CCC)C(=O)NC(=O)NC1=O;1
C=CC1CNCCC1CCCc1c2cc(OC)ccc2ncc1;1
CCCCCCOc1nsnc1C1=CCCN(C)C1;1
CCN(C(C)=O)c1cccc(-c2ccnc3c(C#N)cnn23)c1;1
Cc1nn(C)c2c1N(c1ccccc1)C(=O)CC(=O)N2C;1
Cc1nn(C)c2c1C(c1cccc(Cl)c1)=NCCN2;1
[N-]=[N+]=O;1
O=c1[nH]c2c([nH]c1=O)c([N+](=O)[O-])c(Cl)c(Cl)c2;1
C[S+](CCC(N)C(=O)[O-])C[C@H]1O[C@@H](n2cnc3c(N)ncnc32)[C@H](O)[C@@H]1O;1
CC(Cc1ccccc1)n1cc([N-]C(=O)Nc2ccccc2)[o+]n1;1
CCc1c(C)[n+]([NH-])c(-c2ccc(OC)c(OC)c2)c2c1cc(OC)c(OC)c2;1
[N-]=[N+]=NCC(=O)N[C@H](CO)[C@H](O)c1ccc([N+](=O)[O-])cc1;1
